phone_id,brand,model,os,launched_year,price_inr,price_usd,avg_rating,ram_gb,internal_memory_gb,extended_storage_supported,battery_mah,screen_size_in,weight_g,rear_camera_mp,front_camera_mp,num_rear_cameras,resolution_width_px,resolution_height_px,refresh_rate_hz,is_5g,fast_charging_available,processor_brand,processor_full,cpu_cores,cpu_ghz
1,apple,Apple iPhone 11,ios,2022,38999.0,473.0,5.0,4,64,0,31110,6.7,,120,120,2,828,1792,60,0,0,bionic,,6,2.65
2,apple,Apple iPhone 11 (128GB),ios,2023,46999.0,570.0,5.0,4,128,0,31145,6.4,,120,120,2,828,1792,60,0,0,bionic,,6,2.65
3,apple,Apple iPhone 11 Pro Max,ios,2023,109900.0,1332.0,5.0,4,64,0,35065,6.4,,120,120,3,1242,2688,60,0,1,bionic,,6,2.65
4,apple,Apple iPhone 12,ios,2023,51999.0,630.0,5.0,4,64,0,4131,6.1,,120,120,2,1170,2532,60,1,0,bionic,,6,3.1
5,apple,Apple iPhone 12 (128GB),ios,2024,55999.0,679.0,5.0,4,128,0,4127,6.1,,120,120,2,1170,2532,60,1,0,bionic,,6,3.1
6,apple,Apple iPhone 12 (256GB),ios,2017,67999.0,824.0,5.0,4,256,0,3992,6.1,,120,120,2,1170,2532,60,1,0,bionic,,6,3.1
7,apple,Apple iPhone 12 Mini,ios,2025,40999.0,497.0,5.0,4,64,0,3851,6.8,,120,120,2,1080,2340,60,1,0,bionic,,6,3.1
8,apple,Apple iPhone 12 Mini (128GB),ios,2019,45999.0,558.0,5.0,4,128,0,4030,6.7,,120,120,2,1080,2340,60,1,0,bionic,,6,3.1
9,apple,Apple iPhone 12 Mini (256GB),ios,2016,55999.0,679.0,5.0,4,256,0,4080,6.7,,120,120,2,1080,2340,60,1,0,bionic,,6,3.1
10,apple,Apple iPhone 12 Pro (256GB),ios,2024,119900.0,1453.0,5.0,6,256,0,3919,6.8,,120,120,3,1170,2532,60,1,0,bionic,,6,3.1
11,apple,Apple iPhone 12 Pro (512GB),ios,2018,139900.0,1696.0,5.0,6,512,0,4091,6.5,,120,120,3,1170,2532,60,1,0,bionic,,6,3.1
12,apple,Apple iPhone 13,ios,2022,62999.0,764.0,5.0,4,128,0,32383,6.4,,120,120,2,1170,2532,60,1,1,bionic,,6,3.22
13,apple,Apple iPhone 13 (256GB),ios,2023,72999.0,885.0,5.0,4,256,0,32312,6.5,,120,120,2,1170,2532,60,1,1,bionic,,6,3.22
14,apple,Apple iPhone 13 (512GB),ios,2018,91999.0,1115.0,5.0,4,512,0,32488,6.4,,120,120,2,1170,2532,60,1,1,bionic,,6,3.22
15,apple,Apple iPhone 13 Mini,ios,2023,64900.0,787.0,5.0,4,128,0,24328,6.8,,120,120,2,1080,2340,60,1,1,bionic,,6,3.22
16,apple,Apple iPhone 13 Pro,ios,2025,119900.0,1453.0,5.0,6,128,0,31098,6.5,,120,120,3,1170,2532,120,1,1,bionic,,6,3.22
17,apple,Apple iPhone 13 Pro (1TB),ios,2024,147900.0,1793.0,5.0,6,1024,0,31043,6.7,,120,120,3,1170,2532,120,1,1,bionic,,6,3.22
18,apple,Apple iPhone 13 Pro (256GB),ios,2022,129900.0,1575.0,5.0,6,256,0,30874,6.7,,120,120,3,1170,2532,120,1,1,bionic,,6,3.22
19,apple,Apple iPhone 13 Pro Max,ios,2017,129900.0,1575.0,5.0,6,128,0,43413,6.7,,120,120,3,1284,2778,120,1,1,bionic,,6,3.22
20,apple,Apple iPhone 13 Pro Max (1TB),ios,2025,179900.0,2181.0,5.0,6,1024,0,43619,6.4,,120,120,3,1284,2778,120,1,1,bionic,,6,3.22
21,apple,Apple iPhone 13 Pro Max (256GB),ios,2025,139900.0,1696.0,5.0,6,256,0,43591,6.1,,120,120,3,1284,2778,120,1,1,bionic,,6,3.22
22,apple,Apple iPhone 14,ios,2023,65999.0,800.0,5.0,6,128,0,32800,6.1,,120,120,2,1170,2532,60,1,1,bionic,,6,3.22
23,apple,Apple iPhone 14 (256GB),ios,2025,75999.0,921.0,5.0,6,256,0,32779,6.7,,120,120,2,1170,2532,60,1,1,bionic,,6,3.22
24,apple,Apple iPhone 14 (512GB),ios,2021,95999.0,1164.0,5.0,6,512,0,32844,6.4,,120,120,2,1170,2532,60,1,1,bionic,,6,3.22
25,apple,Apple iPhone 14 Mini,ios,2020,69990.0,848.0,5.0,6,128,0,34872,6.1,,120,120,2,1080,2340,60,0,1,bionic,,8,1.74
26,apple,Apple iPhone 14 Plus,ios,2018,74999.0,909.0,5.0,6,128,0,43385,6.4,,120,120,2,1284,2778,60,1,1,bionic,,6,3.22
27,apple,Apple iPhone 14 Plus (256GB),ios,2016,84999.0,1030.0,5.0,6,256,0,43194,6.4,,120,120,2,1284,2778,60,1,1,bionic,,6,3.22
28,apple,Apple iPhone 14 Plus (512GB),ios,2020,104999.0,1273.0,5.0,6,512,0,43389,6.5,,120,120,2,1284,2778,60,1,1,bionic,,6,3.22
29,apple,Apple iPhone 14 Pro,ios,2019,119990.0,1454.0,5.0,6,128,0,31889,6.7,,480,120,3,1179,2556,120,1,1,bionic,,6,2.13
30,apple,Apple iPhone 14 Pro (1TB),ios,2020,172999.0,2097.0,5.0,6,1024,0,32007,6.5,,480,120,3,1179,2556,120,1,1,bionic,,6,2.46
31,apple,Apple iPhone 14 Pro (256GB),ios,2016,129990.0,1576.0,5.0,6,256,0,32005,6.1,,480,120,3,1179,2556,120,1,1,bionic,,6,2.71
32,apple,Apple iPhone 14 Pro Max,ios,2022,129990.0,1576.0,5.0,6,128,0,43349,6.7,,480,120,3,1290,2796,120,1,1,bionic,,6,3.02
33,apple,Apple iPhone 14 Pro Max (1TB),ios,2023,182999.0,2218.0,5.0,6,1024,0,43352,6.4,,480,120,3,1290,2796,120,1,1,bionic,,6,1.69
34,apple,Apple iPhone 14 Pro Max (256GB),ios,2024,139990.0,1697.0,5.0,6,256,0,43275,6.1,,480,120,3,1290,2796,120,1,1,bionic,,6,2.68
35,apple,Apple iPhone 14 Pro Max (512GB),ios,2023,169900.0,2059.0,5.0,6,512,0,43130,6.1,,480,120,3,1290,2796,120,1,1,bionic,,6,2.84
36,apple,Apple iPhone 15,ios,2019,82990.0,1006.0,5.0,6,128,0,32754,6.1,,500,130,2,1170,2532,60,0,1,bionic,,8,1.67
37,apple,Apple iPhone 15 Plus,ios,2024,84990.0,1030.0,5.0,8,128,0,45371,6.7,,120,120,2,1284,2778,120,1,1,bionic,,6,1.99
38,apple,Apple iPhone 15 Pro,ios,2017,130990.0,1588.0,5.0,8,128,0,3916,6.1,,500,120,3,1170,2532,120,1,0,bionic,,8,2.57
39,apple,Apple iPhone 15 Pro Max,ios,2021,142990.0,1733.0,5.0,8,256,0,43627,6.8,,500,120,3,1284,2778,120,1,1,bionic,,8,2.06
40,apple,Apple iPhone 15 Ultra,ios,2018,149900.0,1817.0,5.0,8,128,0,47082,6.1,,480,120,3,1290,2796,120,1,1,bionic,,8,1.66
41,apple,Apple iPhone 7s,ios,2025,52990.0,642.0,4.06,3,32,0,22349,6.4,,130,70,1,750,1334,60,0,0,fusion,,4,2.37
42,apple,Apple iPhone 9,ios,2020,29990.0,364.0,5.0,3,64,0,20459,6.4,,120,70,1,750,1334,60,0,1,bionic,,6,2.65
43,apple,Apple iPhone SE 2020,ios,2022,39900.0,484.0,5.0,3,64,0,18111,6.4,,120,70,1,750,1334,60,0,1,bionic,,6,2.65
44,apple,Apple iPhone SE 3 2022,ios,2018,43900.0,532.0,4.29,4,64,0,3957,6.1,,120,70,1,750,1334,60,1,0,bionic,,6,3.22
45,apple,Apple iPhone SE 4,ios,2021,49990.0,606.0,5.0,4,64,0,3907,6.5,,120,110,1,750,1580,60,1,0,bionic,,6,3.22
46,apple,Apple iPhone XR2,ios,2018,71999.0,873.0,5.0,4,64,0,30704,6.4,,120,70,2,828,1792,60,0,1,bionic,,8,2.26
47,Apple,iPad 10.2-inch 128GB,,2020,39900.0,429.0,4.42,3,128,0,8528,6.4,490.0,8,12,3,1080,2400,60,1,1,Unknown,A13 Bionic,8,2.89
48,Apple,iPad 10.2-inch 32GB,,2020,29900.0,329.0,4.35,3,128,0,8612,6.4,490.0,8,12,3,1080,2400,60,1,1,Unknown,A13 Bionic,8,2.78
49,Apple,iPad Air 10.9-inch 256GB,,2020,64900.0,749.0,2.94,4,128,0,7678,6.8,458.0,12,12,3,1080,2400,60,1,1,Unknown,A14 Bionic,8,1.62
50,Apple,iPad Air 10.9-inch 64GB,,2020,54900.0,599.0,4.31,4,128,0,7635,6.5,458.0,12,12,3,1080,2400,60,1,1,Unknown,A14 Bionic,8,2.75
51,Apple,iPad Mini 7.9-inch 256GB,,2019,49900.0,499.0,4.29,3,128,0,5057,6.8,3005.0,8,7,3,1080,2400,60,1,1,Unknown,A12 Bionic,8,1.8
52,Apple,iPad Mini 7.9-inch 64GB,,2019,39900.0,399.0,3.64,3,128,0,5199,6.8,3005.0,8,7,3,1080,2400,60,1,1,Unknown,A12 Bionic,8,2.38
53,Apple,iPad Pro 11-inch 128GB,,2020,71900.0,799.0,3.71,4,128,0,7799,6.4,468.0,1210,7,3,1080,2400,60,1,1,Unknown,A12Z Bionic,8,3.08
54,Apple,iPad Pro 11-inch 256GB,,2020,89900.0,899.0,4.33,4,128,0,7696,6.8,468.0,1210,7,3,1080,2400,60,1,1,Unknown,A12Z Bionic,8,2.99
55,Apple,iPad Pro 11-inch 512GB,,2020,109900.0,1099.0,4.06,6,128,0,7693,6.4,468.0,1210,7,3,1080,2400,60,1,1,Unknown,A12Z Bionic,8,1.78
56,Apple,iPad Pro 12.9-inch 128GB,,2020,94900.0,999.0,3.96,6,128,0,9757,6.5,682.0,1210,7,3,1080,2400,60,1,1,Unknown,A12Z Bionic,8,2.6
57,Apple,iPad Pro 12.9-inch 256GB,,2020,109900.0,1099.0,3.47,6,128,0,9718,6.4,682.0,1210,7,3,1080,2400,60,1,1,Unknown,A12Z Bionic,8,2.69
58,Apple,iPad Pro 12.9-inch 512GB,,2020,119900.0,1299.0,4.17,6,128,0,9702,6.4,682.0,1210,7,3,1080,2400,60,1,1,Unknown,A12Z Bionic,8,2.76
59,Apple,iPad Pro 13-inch 128GB,,2020,119900.0,1099.0,4.48,6,128,0,10334,6.4,708.0,1210,7,3,1080,2400,60,1,1,Unknown,A12Z Bionic,8,2.75
60,Apple,iPad Pro 13-inch 1TB,,2020,179900.0,1599.0,3.77,6,128,0,10442,6.5,708.0,1210,7,3,1080,2400,60,1,1,Unknown,A12Z Bionic,8,1.65
61,Apple,iPad Pro 13-inch 256GB,,2020,139900.0,1199.0,4.07,6,128,0,10238,6.1,708.0,1210,7,3,1080,2400,60,1,1,Unknown,A12Z Bionic,8,1.93
62,Apple,iPad Pro 13-inch 2TB,,2020,199900.0,1799.0,3.81,6,128,0,10166,6.5,708.0,1210,7,3,1080,2400,60,1,1,Unknown,A12Z Bionic,8,2.07
63,Apple,iPad Pro 13-inch 512GB,,2020,159900.0,1399.0,4.17,6,128,0,10238,6.1,708.0,1210,7,3,1080,2400,60,1,1,Unknown,A12Z Bionic,8,2.95
64,Apple,iPhone 11 128GB,,2019,74900.0,799.0,3.76,4,128,0,3197,6.5,194.0,1212,12,3,1080,2400,60,1,1,Unknown,A13 Bionic,8,2.38
65,Apple,iPhone 11 256GB,,2019,84900.0,899.0,4.05,4,128,0,3063,6.4,194.0,1212,12,3,1080,2400,60,1,1,Unknown,A13 Bionic,8,1.8
66,Apple,iPhone 11 64GB,,2019,64900.0,699.0,3.98,4,128,0,3120,6.4,194.0,1212,12,3,1080,2400,60,1,1,Unknown,A13 Bionic,8,1.66
67,Apple,iPhone 11 Pro 256GB,,2019,109900.0,1099.0,3.61,4,128,0,2901,6.5,188.0,121212,124,3,1080,2400,60,1,1,Unknown,A13 Bionic,8,2.96
68,Apple,iPhone 11 Pro 512GB,,2019,119900.0,1199.0,3.43,4,128,0,3174,6.7,188.0,121212,124,3,1080,2400,60,1,1,Unknown,A13 Bionic,8,1.62
69,Apple,iPhone 11 Pro 64GB,,2019,99900.0,999.0,3.97,4,128,0,3190,6.1,188.0,121212,124,3,1080,2400,60,1,1,Unknown,A13 Bionic,8,1.71
70,Apple,iPhone 11 Pro Max 256GB,,2019,119900.0,1199.0,3.64,4,128,0,3867,6.5,226.0,121212,124,3,1080,2400,60,1,1,Unknown,A13 Bionic,8,2.02
71,Apple,iPhone 11 Pro Max 512GB,,2019,129900.0,1399.0,3.61,4,128,0,3886,6.4,226.0,121212,124,3,1080,2400,60,1,1,Unknown,A13 Bionic,8,2.08
72,Apple,iPhone 11 Pro Max 64GB,,2019,109900.0,1099.0,4.78,4,128,0,4072,6.4,226.0,121212,124,3,1080,2400,60,1,1,Unknown,A13 Bionic,8,2.34
73,Apple,iPhone 12 128GB,,2020,84900.0,899.0,3.94,4,128,0,2701,6.5,164.0,1212,12,3,1080,2400,60,1,1,Unknown,A14 Bionic,8,2.3
74,Apple,iPhone 12 256GB,,2020,94900.0,999.0,3.95,4,128,0,2778,6.5,164.0,1212,12,3,1080,2400,60,1,1,Unknown,A14 Bionic,8,2.74
75,Apple,iPhone 12 64GB,,2020,74900.0,799.0,3.89,4,128,0,2706,6.5,164.0,1212,12,3,1080,2400,60,1,1,Unknown,A14 Bionic,8,1.94
76,Apple,iPhone 12 mini 128GB,,2020,74900.0,799.0,3.95,4,128,0,2309,6.7,135.0,12,12,3,1080,2400,60,1,1,Unknown,A14 Bionic,8,2.94
77,Apple,iPhone 12 mini 256GB,,2020,84900.0,899.0,3.89,4,128,0,2224,6.4,135.0,12,12,3,1080,2400,60,1,1,Unknown,A14 Bionic,8,1.74
78,Apple,iPhone 12 mini 64GB,,2020,69900.0,699.0,3.66,4,128,0,2360,6.1,135.0,12,12,3,1080,2400,60,1,1,Unknown,A14 Bionic,8,2.42
79,Apple,iPhone 12 Pro 128GB,,2020,119900.0,999.0,4.31,6,128,0,2791,6.4,189.0,121212,124,3,1080,2400,60,1,1,Unknown,A14 Bionic,8,2.54
80,Apple,iPhone 12 Pro 256GB,,2020,129900.0,1099.0,3.4,6,128,0,2686,6.7,189.0,121212,124,3,1080,2400,60,1,1,Unknown,A14 Bionic,8,2.99
81,Apple,iPhone 12 Pro 512GB,,2020,139900.0,1199.0,3.7,6,128,0,2952,6.4,189.0,121212,124,3,1080,2400,60,1,1,Unknown,A14 Bionic,8,1.72
82,Apple,iPhone 12 Pro Max 128GB,,2020,129900.0,1099.0,4.17,6,128,0,3617,6.8,228.0,121212,124,3,1080,2400,60,1,1,Unknown,A14 Bionic,8,2.87
83,Apple,iPhone 12 Pro Max 256GB,,2020,139900.0,1199.0,3.98,6,128,0,3685,6.8,228.0,121212,124,3,1080,2400,60,1,1,Unknown,A14 Bionic,8,3.03
84,Apple,iPhone 12 Pro Max 512GB,,2020,149900.0,1399.0,4.65,6,128,0,3574,6.1,228.0,121212,124,3,1080,2400,60,1,1,Unknown,A14 Bionic,8,2.44
85,Apple,iPhone 13 128GB,,2021,74900.0,799.0,3.33,4,128,0,3126,6.7,174.0,1212,12,3,1080,2400,60,1,1,Unknown,A15 Bionic,8,2.98
86,Apple,iPhone 13 256GB,,2021,84900.0,899.0,4.2,4,128,0,3304,6.8,174.0,1212,12,3,1080,2400,60,1,1,Unknown,A15 Bionic,8,1.92
87,Apple,iPhone 13 512GB,,2021,94900.0,999.0,3.87,4,128,0,3379,6.5,174.0,1212,12,3,1080,2400,60,1,1,Unknown,A15 Bionic,8,2.86
88,Apple,iPhone 13 mini 128GB,,2021,69900.0,699.0,4.0,4,128,0,2556,6.8,140.0,12,12,3,1080,2400,60,1,1,Unknown,A15 Bionic,8,2.53
89,Apple,iPhone 13 mini 256GB,,2021,74900.0,799.0,3.89,4,128,0,2413,6.8,140.0,12,12,3,1080,2400,60,1,1,Unknown,A15 Bionic,8,2.6
90,Apple,iPhone 13 mini 512GB,,2021,84900.0,899.0,3.54,4,128,0,2390,6.7,140.0,12,12,3,1080,2400,60,1,1,Unknown,A15 Bionic,8,2.18
91,Apple,iPhone 13 Pro 128GB,,2021,119900.0,999.0,3.51,6,128,0,3240,6.5,204.0,121212,124,3,1080,2400,60,1,1,Unknown,A15 Bionic,8,2.34
92,Apple,iPhone 13 Pro 256GB,,2021,129900.0,1099.0,4.14,6,128,0,3161,6.4,204.0,121212,124,3,1080,2400,60,1,1,Unknown,A15 Bionic,8,2.56
93,Apple,iPhone 13 Pro 512GB,,2021,139900.0,1199.0,4.35,6,128,0,2998,6.5,204.0,121212,124,3,1080,2400,60,1,1,Unknown,A15 Bionic,8,2.87
94,Apple,iPhone 13 Pro Max 128GB,,2021,129900.0,1099.0,4.3,6,128,0,4375,6.1,238.0,121212,124,3,1080,2400,60,1,1,Unknown,A15 Bionic,8,3.02
95,Apple,iPhone 13 Pro Max 256GB,,2021,139900.0,1199.0,3.75,6,128,0,4420,6.4,238.0,121212,124,3,1080,2400,60,1,1,Unknown,A15 Bionic,8,1.66
96,Apple,iPhone 13 Pro Max 512GB,,2021,149900.0,1399.0,4.14,6,128,0,4234,6.4,238.0,121212,124,3,1080,2400,60,1,1,Unknown,A15 Bionic,8,2.96
97,Apple,iPhone 14 128GB,,2022,69999.0,799.0,4.53,6,128,0,3195,6.1,172.0,1212,12,3,1080,2400,60,1,1,Unknown,A15 Bionic,8,2.23
98,Apple,iPhone 14 256GB,,2022,74999.0,849.0,3.96,6,128,0,3164,6.4,172.0,1212,12,3,1080,2400,60,1,1,Unknown,A15 Bionic,8,2.75
99,Apple,iPhone 14 512GB,,2022,84999.0,949.0,3.52,6,128,0,3335,6.5,172.0,1212,12,3,1080,2400,60,1,1,Unknown,A15 Bionic,8,1.9
100,Apple,iPhone 14 Plus 128GB,,2022,79999.0,899.0,4.33,6,128,0,4402,6.1,203.0,1212,12,3,1080,2400,60,1,1,Unknown,A15 Bionic,8,2.08
101,Apple,iPhone 14 Plus 256GB,,2022,84999.0,999.0,3.97,6,128,0,4318,6.4,203.0,1212,12,3,1080,2400,60,1,1,Unknown,A15 Bionic,8,2.54
102,Apple,iPhone 14 Plus 512GB,,2022,94999.0,1049.0,4.39,6,128,0,4243,6.4,203.0,1212,12,3,1080,2400,60,1,1,Unknown,A15 Bionic,8,2.4
103,Apple,iPhone 14 Pro 128GB,,2022,109999.0,1099.0,4.58,6,128,0,4336,6.7,206.0,4812,124,3,1080,2400,60,1,1,Apple,A16 Bionic,8,3.06
104,Apple,iPhone 14 Pro 256GB,,2022,119999.0,1199.0,3.86,8,128,0,4058,6.8,206.0,4812,124,3,1080,2400,60,1,1,Apple,A16 Bionic,8,2.5
105,Apple,iPhone 14 Pro 512GB,,2022,134999.0,1299.0,4.3,8,128,0,4241,6.4,206.0,4812,124,3,1080,2400,60,1,1,Apple,A16 Bionic,8,2.69
106,Apple,iPhone 14 Pro Max 128GB,,2022,124999.0,1199.0,3.88,6,128,0,4495,6.5,221.0,4812,124,3,1080,2400,60,1,1,Apple,A16 Bionic,8,1.84
107,Apple,iPhone 14 Pro Max 256GB,,2022,134999.0,1299.0,3.77,8,128,0,4473,6.8,221.0,4812,124,3,1080,2400,60,1,1,Apple,A16 Bionic,8,2.02
108,Apple,iPhone 14 Pro Max 512GB,,2022,144999.0,1399.0,4.2,8,128,0,4425,6.5,221.0,4812,124,3,1080,2400,60,1,1,Apple,A16 Bionic,8,2.67
109,Apple,iPhone 15 128GB,,2023,74999.0,799.0,3.37,6,128,0,3348,6.1,171.0,48,12,3,1080,2400,60,1,1,Apple,A16 Bionic,8,2.61
110,Apple,iPhone 15 256GB,,2023,79999.0,849.0,3.0,6,128,0,3155,6.5,171.0,48,12,3,1080,2400,60,1,1,Apple,A16 Bionic,8,1.61
111,Apple,iPhone 15 512GB,,2023,89999.0,949.0,3.96,6,128,0,3282,6.4,171.0,48,12,3,1080,2400,60,1,1,Apple,A16 Bionic,8,2.53
112,Apple,iPhone 15 Plus 128GB,,2023,84999.0,899.0,4.45,6,128,0,4219,6.4,203.0,48,12,3,1080,2400,60,1,1,Apple,A16 Bionic,8,2.64
113,Apple,iPhone 15 Plus 256GB,,2023,94999.0,999.0,3.79,6,128,0,4359,6.1,203.0,48,12,3,1080,2400,60,1,1,Apple,A16 Bionic,8,2.66
114,Apple,iPhone 15 Plus 512GB,,2023,104999.0,1049.0,3.83,6,128,0,4212,6.7,203.0,48,12,3,1080,2400,60,1,1,Apple,A16 Bionic,8,1.66
115,Apple,iPhone 15 Pro 128GB,,2023,99999.0,1099.0,3.79,6,128,0,4309,6.8,206.0,4812,124,3,1080,2400,60,1,1,Apple,A16 Bionic,8,2.37
116,Apple,iPhone 15 Pro 256GB,,2023,109999.0,1199.0,3.55,8,128,0,4361,6.8,206.0,4812,124,3,1080,2400,60,1,1,Apple,A16 Bionic,8,2.12
117,Apple,iPhone 15 Pro 512GB,,2023,119999.0,1299.0,3.7,8,128,0,4499,6.8,206.0,4812,124,3,1080,2400,60,1,1,Apple,A16 Bionic,8,2.64
118,Apple,iPhone 15 Pro Max 128GB,,2023,114999.0,1199.0,3.34,6,128,0,4552,6.4,221.0,4812,124,3,1080,2400,60,1,1,Apple,A16 Bionic,8,1.87
119,Apple,iPhone 15 Pro Max 256GB,,2023,124999.0,1299.0,3.89,8,128,0,4525,6.5,221.0,4812,124,3,1080,2400,60,1,1,Apple,A16 Bionic,8,3.08
120,Apple,iPhone 15 Pro Max 512GB,,2023,134999.0,1399.0,3.96,8,128,0,4454,6.5,221.0,4812,124,3,1080,2400,60,1,1,Apple,A16 Bionic,8,2.62
121,Apple,iPhone 16 128GB,,2024,79999.0,799.0,3.35,6,128,0,3597,6.8,174.0,48,12,3,1080,2400,60,1,1,Apple,A17 Bionic,8,2.42
122,Apple,iPhone 16 256GB,,2024,84999.0,849.0,4.63,6,128,0,3748,6.7,174.0,48,12,3,1080,2400,60,1,1,Apple,A17 Bionic,8,1.72
123,Apple,iPhone 16 512GB,,2024,89999.0,899.0,4.21,6,128,0,3744,6.1,174.0,48,12,3,1080,2400,60,1,1,Apple,A17 Bionic,8,2.54
124,Apple,iPhone 16 Plus 128GB,,2024,89999.0,899.0,4.31,6,128,0,4212,6.5,203.0,48,12,3,1080,2400,60,1,1,Apple,A17 Bionic,8,2.86
125,Apple,iPhone 16 Plus 256GB,,2024,94999.0,949.0,4.29,6,128,0,4282,6.7,203.0,48,12,3,1080,2400,60,1,1,Apple,A17 Bionic,8,3.02
126,Apple,iPhone 16 Plus 512GB,,2024,104999.0,999.0,4.45,6,128,0,4264,6.8,203.0,48,12,3,1080,2400,60,1,1,Apple,A17 Bionic,8,2.74
127,Apple,iPhone 16 Pro 128GB,,2024,99999.0,999.0,3.94,6,128,0,4376,6.4,206.0,5012,124,3,1080,2400,60,1,1,Apple,A17 Pro,8,2.21
128,Apple,iPhone 16 Pro 256GB,,2024,104999.0,1049.0,3.66,8,128,0,4338,6.5,206.0,5012,124,3,1080,2400,60,1,1,Apple,A17 Pro,8,2.93
129,Apple,iPhone 16 Pro 512GB,,2024,114999.0,1099.0,4.26,8,128,0,4432,6.7,206.0,5012,124,3,1080,2400,60,1,1,Apple,A17 Pro,8,2.64
130,Apple,iPhone 16 Pro Max 128GB,,2024,109999.0,1099.0,4.27,6,128,0,4536,6.8,221.0,4812,124,3,1080,2400,60,1,1,Apple,A17 Pro,8,2.54
131,Apple,iPhone 16 Pro Max 256GB,,2024,114999.0,1199.0,3.69,8,128,0,4443,6.7,221.0,4812,124,3,1080,2400,60,1,1,Apple,A17 Pro,8,2.17
132,Apple,iPhone 16 Pro Max 512GB,,2024,124999.0,1299.0,4.33,8,128,0,4495,6.1,221.0,4812,124,3,1080,2400,60,1,1,Apple,A17 Pro,8,2.34
133,Apple,iPhone X 256GB,,2017,99900.0,1099.0,4.09,3,128,0,2807,6.1,174.0,1212,7,3,1080,2400,60,1,1,Unknown,A11 Bionic,8,2.49
134,Apple,iPhone X 64GB,,2017,89900.0,999.0,3.73,3,128,0,2779,6.7,174.0,1212,7,3,1080,2400,60,1,1,Unknown,A11 Bionic,8,3.0
135,Apple,iPhone XR 128GB,,2018,74900.0,799.0,4.32,3,128,0,2875,6.7,194.0,1212,7,3,1080,2400,60,1,1,Unknown,A12 Bionic,8,2.8
136,Apple,iPhone XR 256GB,,2018,84900.0,899.0,4.24,3,128,0,2918,6.4,194.0,1212,7,3,1080,2400,60,1,1,Unknown,A12 Bionic,8,1.85
137,Apple,iPhone XR 64GB,,2018,64900.0,749.0,4.31,3,128,0,2958,6.8,194.0,1212,7,3,1080,2400,60,1,1,Unknown,A12 Bionic,8,3.08
138,Apple,iPhone XS 256GB,,2018,109900.0,1099.0,4.03,4,128,0,2698,6.1,177.0,1212,7,3,1080,2400,60,1,1,Unknown,A12 Bionic,8,1.72
139,Apple,iPhone XS 512GB,,2018,119900.0,1299.0,3.62,4,128,0,2747,6.5,177.0,1212,7,3,1080,2400,60,1,1,Unknown,A12 Bionic,8,2.63
140,Apple,iPhone XS 64GB,,2018,99900.0,999.0,3.34,4,128,0,2523,6.8,177.0,1212,7,3,1080,2400,60,1,1,Unknown,A12 Bionic,8,2.32
141,Apple,iPhone XS Max 256GB,,2018,119900.0,1249.0,3.31,4,128,0,3204,6.8,208.0,1212,7,3,1080,2400,60,1,1,Unknown,A12 Bionic,8,2.21
142,Apple,iPhone XS Max 512GB,,2018,129900.0,1399.0,3.76,4,128,0,3270,6.1,208.0,1212,7,3,1080,2400,60,1,1,Unknown,A12 Bionic,8,2.22
143,Apple,iPhone XS Max 64GB,,2018,109900.0,1099.0,4.17,4,128,0,3084,6.4,208.0,1212,7,3,1080,2400,60,1,1,Unknown,A12 Bionic,8,2.79
144,asus,Asus ROG Phone 5s 5G,android,2018,39999.0,485.0,5.0,8,128,0,59861,6.1,,640,240,3,1080,2448,144,1,1,snapdragon,,8,2.9
145,asus,Asus ROG Phone 6,android,2025,71999.0,873.0,5.0,12,256,0,60055,6.4,,500,120,3,1080,2448,165,1,1,snapdragon,,8,3.2
146,asus,Asus ROG Phone 6 Batman Edition,android,2018,72999.0,885.0,5.0,16,256,0,59889,6.5,,500,120,3,1080,2448,165,1,1,dimensity,,8,3.2
147,asus,Asus ROG Phone 6 Pro 5G,android,2021,89999.0,1091.0,5.0,18,512,0,59850,6.7,,500,120,3,1080,2448,165,1,1,snapdragon,,8,3.2
148,asus,Asus ROG Phone 6D Ultimate,,2021,107990.0,1309.0,3.86,16,512,0,59915,6.1,,500,120,3,1080,2448,165,1,1,dimensity,,8,3.2
149,asus,Asus ROG Phone 7,android,2022,75990.0,921.0,5.0,18,256,0,59891,6.1,,640,320,3,1080,2448,165,1,1,snapdragon,,8,3.2
150,asus,Asus ZenFone 9,android,2016,63990.0,776.0,5.0,8,128,0,43145,6.7,,500,120,2,1080,2400,120,1,1,snapdragon,,8,3.2
151,blackview,Blackview BV5200 Pro,android,2023,8990.0,109.0,5.0,4,64,1,51869,6.5,,130,80,2,720,1560,60,1,1,helio,,8,2.3
152,blu,BLU F91 5G,android,2020,14990.0,182.0,5.0,8,128,1,49933,6.1,,480,160,4,1080,2460,60,1,1,dimensity,,8,2.4
153,cat,CAT S22 Flip,,2021,14999.0,182.0,3.86,2,16,0,19918,6.1,,50,20,1,480,640,60,0,0,snapdragon,,4,1.3
154,cola,Cola Phone,android,2021,14999.0,182.0,5.0,4,64,1,49901,6.7,,500,160,2,1080,2400,90,0,1,helio,,8,2.2
155,doogee,Doogee S99,android,2020,14999.0,182.0,5.0,8,128,1,59916,6.5,,1080,320,3,1080,2340,60,0,1,helio,,8,2.05
156,doogee,Doogee V Max,android,2023,45999.0,558.0,5.0,12,256,1,220064,6.5,,1080,320,3,1080,2408,120,1,1,dimensity,,8,2.6
157,duoqin,Duoqin F22 Pro,android,2025,9990.0,121.0,3.34,4,64,1,21421,6.8,,80,20,1,640,960,60,0,0,helio,,8,2.0
158,gionee,Gionee G13 Pro,other,2017,6190.0,75.0,3.76,4,32,1,34858,6.1,,130,50,2,720,1600,60,0,0,tiger,,4,2.0
159,gionee,Gionee K10,android,2017,6999.0,85.0,3.92,3,32,1,47901,6.8,,130,50,1,720,1600,60,0,0,tiger,,4,2.0
160,gionee,Gionee M12 Pro,android,2021,7499.0,91.0,5.0,6,128,1,39907,6.7,,160,130,1,720,1520,60,0,0,helio,,8,1.99
161,google,Google Pixel 2 XL,android,2022,15990.0,194.0,5.0,4,128,0,35285,6.1,,122,80,1,1440,2880,60,0,1,snapdragon,,8,2.35
162,google,Google Pixel 3a XL,android,2020,15999.0,194.0,5.0,4,64,0,37042,6.8,,122,80,1,1080,2160,60,0,1,snapdragon,,8,2.0
163,google,Google Pixel 4,android,2016,20120.0,244.0,5.0,6,64,0,28000,6.1,,160,80,2,1080,2280,60,0,1,snapdragon,,8,2.8
164,google,Google Pixel 5,android,2020,36000.0,436.0,5.0,8,128,0,40692,6.5,,160,80,2,1080,2340,90,1,1,snapdragon,,8,2.4
165,google,Google Pixel 5A,android,2022,32999.0,400.0,5.0,6,128,0,46112,6.5,,160,80,2,1080,2400,60,1,1,snapdragon,,8,2.4
166,google,Google Pixel 6,android,2024,40480.0,491.0,5.0,8,128,0,46007,6.1,,500,80,2,1080,2400,90,1,1,google,,8,2.8
167,google,Google Pixel 6 Pro,android,2017,54300.0,658.0,5.0,12,128,0,49924,6.1,,500,110,3,1440,3120,120,1,1,google,,8,2.8
168,google,Google Pixel 6 Pro (12GB RAM + 256GB),android,2017,79700.0,966.0,4.06,12,256,0,49989,6.1,,500,110,3,1440,3120,120,1,1,google,,8,2.8
169,google,Google Pixel 6A,android,2025,29999.0,364.0,5.0,6,128,0,44068,6.1,,122,80,2,1080,2400,60,1,1,google,,8,2.58
170,google,Google Pixel 7 5G,android,2021,53100.0,644.0,5.0,8,128,0,43604,6.8,,500,110,2,1080,2400,90,1,1,google,,8,2.85
171,google,Google Pixel 7 Pro 5G,android,2019,81999.0,994.0,4.42,12,128,0,49920,6.4,,500,110,3,1440,3120,120,1,1,google,,8,2.85
172,google,Google Pixel 7A,android,2017,34990.0,424.0,5.0,6,128,0,44180,6.4,,122,80,2,1080,2400,90,1,1,google,,8,2.11
173,google,Google Pixel 8,android,2017,53990.0,654.0,5.0,8,128,0,48231,6.4,,500,100,2,1080,2400,120,1,1,google,,8,2.61
174,google,Google Pixel 8 Pro,android,2023,70990.0,860.0,5.0,12,256,0,50018,6.7,,500,120,3,1440,3120,120,1,1,google,,8,3.05
175,Google,Pixel 3a 64GB,,2019,39999.0,399.0,3.93,4,128,0,3048,6.4,147.0,122,8,3,1080,2400,60,1,1,Qualcomm,Snapdragon 670,8,2.03
176,Google,Pixel 3a XL 64GB,,2019,44999.0,479.0,3.65,4,128,0,3630,6.1,167.0,122,8,3,1080,2400,60,1,1,Qualcomm,Snapdragon 670,8,1.81
177,Google,Pixel 4 64GB,,2019,59999.0,799.0,3.48,6,128,0,2867,6.5,162.0,122,8,3,1080,2400,60,1,1,Qualcomm,Snapdragon 855,8,3.07
178,Google,Pixel 4 XL 64GB,,2019,69999.0,899.0,3.71,6,128,0,3620,6.4,193.0,122,8,3,1080,2400,60,1,1,Qualcomm,Snapdragon 855,8,2.12
179,Google,Pixel 4a 128GB,,2020,31999.0,349.0,4.25,6,128,0,3021,6.5,143.0,122,8,3,1080,2400,60,1,1,Qualcomm,Snapdragon 730G,8,1.96
180,Google,Pixel 4a 5G 128GB,,2020,37999.0,499.0,4.12,6,128,0,3753,6.4,168.0,122,8,3,1080,2400,60,1,1,Qualcomm,Snapdragon 765G,8,2.82
181,Google,Pixel 5 128GB,,2020,49999.0,699.0,3.64,8,128,0,4083,6.7,151.0,122,8,3,1080,2400,60,1,1,Qualcomm,Snapdragon 765G,8,2.59
182,Google,Pixel 5a 128GB,,2021,42999.0,449.0,4.59,6,128,0,4736,6.1,183.0,122,8,3,1080,2400,60,1,1,Qualcomm,Snapdragon 765G,8,1.85
183,Google,Pixel 6 128GB,,2021,59999.0,699.0,3.76,8,128,0,4721,6.7,207.0,50,8,3,1080,2400,60,1,1,Google Tensor,Google Tensor,8,2.67
184,Google,Pixel 6 Pro 256GB,,2021,79999.0,899.0,4.26,12,128,0,5091,6.8,210.0,50,111,3,1080,2400,60,1,1,Google Tensor,Google Tensor,8,2.5
185,Google,Pixel 6a 128GB,,2022,43999.0,449.0,4.44,6,128,0,4434,6.7,178.0,122,8,3,1080,2400,60,1,1,Google Tensor,Google Tensor,8,2.42
186,Google,Pixel 7 128GB,,2022,64999.0,599.0,4.36,8,128,0,4385,6.7,197.0,50,108,3,1080,2400,60,1,1,Google Tensor,Google Tensor G2,8,2.06
187,Google,Pixel 7 Pro 256GB,,2022,89999.0,899.0,3.85,12,128,0,5104,6.5,212.0,50,108,3,1080,2400,60,1,1,Google Tensor,Google Tensor G2,8,3.06
188,Google,Pixel 7a 128GB,,2023,44999.0,499.0,4.16,8,128,0,4383,6.5,193.0,64,108,3,1080,2400,60,1,1,Google Tensor,Google Tensor G2,8,2.07
189,Google,Pixel 8 128GB,,2023,69999.0,699.0,3.39,8,128,0,4630,6.1,187.0,50,105,3,1080,2400,60,1,1,Google Tensor,Google Tensor G3,8,2.85
190,Google,Pixel 8 Pro 256GB,,2023,99999.0,999.0,3.91,12,128,0,5190,6.1,213.0,50,105,3,1080,2400,60,1,1,Google Tensor,Google Tensor G3,8,2.31
191,Google,Pixel 8a 128GB,,2024,49999.0,549.0,4.0,8,128,0,4310,6.4,194.0,64,105,3,1080,2400,60,1,1,Google Tensor,Google Tensor G3,8,1.96
192,Google,Pixel 9 128GB,,2024,74999.0,799.0,4.0,8,128,0,4565,6.4,195.0,50,108,3,1080,2400,60,1,1,Google Tensor,Google Tensor G4,8,2.59
193,Google,Pixel 9 Pro 256GB,,2024,109999.0,1099.0,3.38,12,128,0,5098,6.7,216.0,50,108,3,1080,2400,60,1,1,Google Tensor,Google Tensor G4,8,2.08
194,Google,Pixel 9 Pro Fold 512GB,,2024,179999.0,1799.0,3.52,16,128,0,5456,6.4,250.0,50,108,3,1080,2400,60,1,1,Google Tensor,Google Tensor G4,8,1.81
195,Google,Pixel 9 Pro XL 512GB,,2024,129999.0,1299.0,3.94,16,128,0,5314,6.7,222.0,50,108,3,1080,2400,60,1,1,Google Tensor,Google Tensor G4,8,3.07
196,Honor,10X Lite,,2020,13999.0,229.0,3.84,4,128,0,5000,6.5,206.0,48,8,3,1080,2400,60,1,1,Unknown,Kirin 710A,8,1.83
197,Honor,30,,2020,29999.0,449.0,4.44,8,128,0,3978,6.1,185.0,40,32,3,1080,2400,60,1,1,Unknown,Kirin 985 5G,8,1.68
198,Honor,30 Pro,,2020,39999.0,599.0,4.05,8,128,0,4062,6.8,190.0,50,32,3,1080,2400,60,1,1,Unknown,Kirin 990 5G,8,3.02
199,Honor,30 Pro+,,2020,45999.0,699.0,4.38,12,128,0,4147,6.8,192.0,50,32,3,1080,2400,60,1,1,Unknown,Kirin 990 5G,8,2.56
200,Honor,30S,,2020,22999.0,349.0,3.6,6,128,0,3859,6.7,190.0,64,16,3,1080,2400,60,1,1,Unknown,Kirin 820 5G,8,2.98
201,Honor,50,,2021,37999.0,549.0,3.42,8,128,0,4288,6.1,175.0,108,32,3,1080,2400,60,1,1,Qualcomm,Qualcomm Snapdragon 778G,8,2.07
202,Honor,50 Pro,,2021,44999.0,649.0,3.43,8,128,0,4021,6.8,187.0,108,32,3,1080,2400,60,1,1,Qualcomm,Qualcomm Snapdragon 778G,8,2.66
203,Honor,50 SE,,2021,29999.0,449.0,4.14,8,128,0,4045,6.5,191.0,108,16,3,1080,2400,60,1,1,MediaTek,MediaTek Dimensity 900,8,2.14
204,Honor,60,,2021,41999.0,549.0,3.73,8,128,0,4708,6.8,179.0,108,32,3,1080,2400,60,1,1,Qualcomm,Qualcomm Snapdragon 778G,8,3.08
205,Honor,60 Pro,,2021,49999.0,649.0,3.91,8,128,0,4877,6.8,192.0,108,50,3,1080,2400,60,1,1,Qualcomm,Qualcomm Snapdragon 778G+,8,1.85
206,Honor,60 SE,,2021,29999.0,449.0,3.57,8,128,0,4288,6.4,191.0,64,16,3,1080,2400,60,1,1,MediaTek,MediaTek Dimensity 900,8,1.93
207,Honor,70,,2022,46999.0,549.0,4.69,8,128,0,4880,6.5,178.0,54,32,3,1080,2400,60,1,1,Qualcomm,Qualcomm Snapdragon 778G+,8,1.9
208,Honor,70 Pro,,2022,59999.0,699.0,4.11,8,128,0,4372,6.7,192.0,54,50,3,1080,2400,60,1,1,MediaTek,MediaTek Dimensity 8000,8,1.96
209,Honor,70 Pro+,,2022,69999.0,799.0,3.47,12,128,0,4377,6.4,209.0,54,50,3,1080,2400,60,1,1,MediaTek,MediaTek Dimensity 9000,8,2.84
210,Honor,80,,2022,46999.0,549.0,3.79,8,128,0,4820,6.7,180.0,160,32,3,1080,2400,60,1,1,Qualcomm,Qualcomm Snapdragon 782G,8,2.41
211,Honor,80 Pro,,2022,69999.0,799.0,3.65,12,128,0,4813,6.5,193.0,160,50,3,1080,2400,60,1,1,Qualcomm,Qualcomm Snapdragon 8+ Gen 1,8,2.37
212,Honor,80 SE,,2022,34999.0,399.0,4.65,8,128,0,4495,6.1,175.0,64,32,3,1080,2400,60,1,1,MediaTek,MediaTek Dimensity 900,8,1.92
213,Honor,90,,2023,54999.0,599.0,4.7,12,128,0,4979,6.5,183.0,200,50,3,1080,2400,60,1,1,Qualcomm,Qualcomm Snapdragon 7 Gen 1,8,2.69
214,Honor,90 Pro,,2023,64999.0,699.0,4.19,12,128,0,5073,6.4,192.0,200,50,3,1080,2400,60,1,1,Qualcomm,Qualcomm Snapdragon 8+ Gen 1,8,3.02
215,Honor,90 SE,,2023,34999.0,399.0,3.47,8,128,0,4526,6.7,175.0,64,32,3,1080,2400,60,1,1,MediaTek,MediaTek Dimensity 900,8,1.98
216,Honor,9X Lite,,2020,15999.0,219.0,3.16,4,128,0,3661,6.5,175.0,48,8,3,1080,2400,60,1,1,Unknown,Kirin 710F,8,2.79
217,honor,Honor 50,android,2016,32990.0,400.0,5.0,6,128,0,43043,6.7,,1080,320,4,1080,2340,120,1,1,snapdragon,,8,2.4
218,honor,Honor 60 SE 5G,android,2025,24990.0,303.0,5.0,8,128,0,43033,6.5,,640,160,3,1080,2340,120,1,1,dimensity,,8,2.0
219,honor,Honor 70 5G,android,2018,39990.0,485.0,5.0,12,512,0,48024,6.7,,540,320,3,1080,2400,120,1,1,snapdragon,,8,2.5
220,honor,Honor 70 5G (8GB RAM + 256GB),android,2022,30990.0,376.0,5.0,8,256,0,48057,6.4,,540,320,3,1080,2400,120,1,1,snapdragon,,8,2.5
221,honor,Honor 80 Pro Plus,android,2023,54990.0,667.0,3.39,12,256,0,45051,6.8,,2000,500,3,1200,2652,120,1,1,snapdragon,,8,3.0
222,honor,Honor Magic 4 Pro Plus 5G,android,2023,94990.0,1151.0,4.15,12,512,0,46038,6.4,,500,130,4,1344,2772,120,1,1,snapdragon,,8,3.0
223,honor,Honor Play 30,android,2021,9999.0,121.0,5.0,4,128,1,50013,6.5,,130,50,1,720,1600,60,1,0,snapdragon,,8,2.2
224,honor,Honor X6,android,2016,13999.0,170.0,5.0,4,64,1,49913,6.1,,500,50,3,720,1600,60,0,1,helio,,8,2.0
225,honor,Honor X7a,android,2022,13999.0,170.0,5.0,6,128,1,49919,6.5,,500,80,4,720,1600,90,0,1,helio,,8,2.3
226,honor,Honor X8,android,2020,16999.0,206.0,5.0,6,128,0,39962,6.5,,640,160,4,1080,2388,90,0,1,snapdragon,,8,2.4
227,honor,Honor X8 5G,android,2017,14990.0,182.0,5.0,6,128,1,49982,6.5,,480,80,3,720,1600,60,1,1,snapdragon,,8,2.2
228,honor,Honor X9 5G,android,2017,16999.0,206.0,5.0,8,128,0,48082,6.7,,480,160,3,1080,2388,60,1,1,snapdragon,,8,2.2
229,honor,Honor X9a,android,2019,27999.0,339.0,5.0,8,256,0,50865,6.4,,640,160,3,1080,2400,120,1,1,snapdragon,,8,2.2
230,Honor,Magic V,,2022,149999.0,1799.0,4.75,12,128,0,4791,6.5,288.0,50,42,3,1080,2400,60,1,1,Qualcomm,Qualcomm Snapdragon 8 Gen 1,8,2.74
231,Honor,Magic V2,,2024,159999.0,1899.0,4.34,12,128,0,5145,6.4,231.0,50,16,3,1080,2400,60,1,1,Qualcomm,Qualcomm Snapdragon 8 Gen 2,8,2.56
232,Honor,Magic V3,,2024,159999.0,1899.0,3.82,12,128,0,5143,6.1,231.0,50,16,3,1080,2400,60,1,1,Qualcomm,Qualcomm Snapdragon 8 Gen 2,8,2.05
233,Honor,Magic Vs,,2023,149999.0,1699.0,4.37,12,128,0,4964,6.8,267.0,50,16,3,1080,2400,60,1,1,Qualcomm,Qualcomm Snapdragon 8+ Gen 1,8,2.27
234,Honor,Magic3,,2021,64999.0,899.0,3.82,8,128,0,4537,6.1,202.0,50,13,3,1080,2400,60,1,1,Qualcomm,Qualcomm Snapdragon 888,8,2.57
235,Honor,Magic3 Pro,,2021,74999.0,1099.0,3.56,8,128,0,4668,6.5,213.0,50,13,3,1080,2400,60,1,1,Qualcomm,Qualcomm Snapdragon 888+,8,1.72
236,Honor,Magic3 Pro+,,2021,84999.0,1299.0,3.18,12,128,0,4620,6.8,236.0,50,13,3,1080,2400,60,1,1,Qualcomm,Qualcomm Snapdragon 888+,8,2.84
237,Honor,Magic4,,2022,72999.0,899.0,3.78,8,128,0,4942,6.8,199.0,50,12,3,1080,2400,60,1,1,Qualcomm,Qualcomm Snapdragon 8 Gen 1,8,2.54
238,Honor,Magic4 Pro,,2022,84999.0,1099.0,3.34,8,128,0,4581,6.1,215.0,50,12,3,1080,2400,60,1,1,Qualcomm,Qualcomm Snapdragon 8 Gen 1,8,2.92
239,Honor,Magic4 Ultimate,,2022,99999.0,1299.0,3.72,12,128,0,4471,6.7,242.0,50,12,3,1080,2400,60,1,1,Qualcomm,Qualcomm Snapdragon 8 Gen 1,8,2.95
240,Honor,Magic5,,2023,79999.0,999.0,3.77,8,128,0,5210,6.8,204.0,50,12,3,1080,2400,60,1,1,Qualcomm,Qualcomm Snapdragon 8 Gen 2,8,3.09
241,Honor,Magic5 Pro,,2023,99999.0,1199.0,3.94,12,128,0,5036,6.5,219.0,50,12,3,1080,2400,60,1,1,Qualcomm,Qualcomm Snapdragon 8 Gen 2,8,2.82
242,Honor,Magic5 Ultimate,,2023,119999.0,1399.0,4.2,16,128,0,5542,6.5,234.0,50,12,3,1080,2400,60,1,1,Qualcomm,Qualcomm Snapdragon 8 Gen 2,8,2.53
243,Honor,Magic6,,2024,89999.0,1099.0,3.74,8,128,0,5201,6.5,203.0,50,12,3,1080,2400,60,1,1,Qualcomm,Qualcomm Snapdragon 8 Gen 3,8,2.23
244,Honor,Magic6 Pro,,2024,109999.0,1299.0,3.8,12,128,0,5441,6.8,219.0,50,12,3,1080,2400,60,1,1,Qualcomm,Qualcomm Snapdragon 8 Gen 3,8,2.52
245,Honor,Magic6 Ultimate,,2024,129999.0,1499.0,3.93,16,128,0,5570,6.5,234.0,50,12,3,1080,2400,60,1,1,Qualcomm,Qualcomm Snapdragon 8 Gen 3,8,2.06
246,Honor,Magic7,,2024,89999.0,1099.0,3.91,8,128,0,5320,6.4,203.0,50,12,3,1080,2400,60,1,1,Qualcomm,Qualcomm Snapdragon 8 Gen 3,8,2.47
247,Honor,Magic7 Pro,,2024,109999.0,1299.0,4.43,12,128,0,5504,6.5,219.0,50,12,3,1080,2400,60,1,1,Qualcomm,Qualcomm Snapdragon 8 Gen 3,8,3.01
248,Honor,Magic7 Ultimate,,2024,129999.0,1499.0,3.85,16,128,0,5478,6.1,234.0,50,12,3,1080,2400,60,1,1,Qualcomm,Qualcomm Snapdragon 8 Gen 3,8,2.13
249,Honor,MagicPad 13,,2023,64999.0,799.0,4.18,12,128,0,10095,6.4,590.0,13,8,3,1080,2400,60,1,1,Qualcomm,Qualcomm Snapdragon 8+ Gen 1,8,1.63
250,Honor,MagicPad 2,,2024,74999.0,899.0,4.18,16,128,0,10384,6.4,580.0,16,12,3,1080,2400,60,1,1,Qualcomm,Qualcomm Snapdragon 8 Gen 2,8,3.05
251,Honor,MagicPad 3,,2024,64999.0,799.0,3.73,12,128,0,10503,6.4,590.0,16,12,3,1080,2400,60,1,1,Qualcomm,Qualcomm Snapdragon 8 Gen 3,8,2.64
252,Honor,Pad 6,,2020,17999.0,199.0,3.87,4,128,0,5019,6.1,460.0,5,2,3,1080,2400,60,1,1,Qualcomm,Qualcomm Snapdragon 662,8,1.63
253,Honor,Pad 7,,2021,19999.0,229.0,4.08,4,128,0,5019,6.4,460.0,5,2,3,1080,2400,60,1,1,MediaTek,MediaTek Helio G80,8,2.97
254,Honor,Pad 8,,2022,24999.0,299.0,4.07,6,128,0,7272,6.7,520.0,5,5,3,1080,2400,60,1,1,Qualcomm,Qualcomm Snapdragon 680,8,1.98
255,Honor,Pad 9,,2024,34999.0,399.0,4.24,8,128,0,8226,6.8,550.0,13,8,3,1080,2400,60,1,1,Qualcomm,Qualcomm Snapdragon 6 Gen 1,8,1.65
256,Honor,Pad 9 Pro,,2024,44999.0,499.0,3.79,12,128,0,9086,6.4,560.0,13,8,3,1080,2400,60,1,1,MediaTek,MediaTek Dimensity 8100,8,1.92
257,Honor,Pad GT Pro,,2024,84999.0,999.0,4.09,12,128,0,10439,6.1,610.0,16,12,3,1080,2400,60,1,1,Qualcomm,Qualcomm Snapdragon 8 Gen 3,8,2.11
258,Honor,Pad V10,,2024,54999.0,649.0,3.85,8,128,0,8629,6.5,530.0,13,8,3,1080,2400,60,1,1,MediaTek,MediaTek Dimensity 9000,8,2.44
259,Honor,Pad V8,,2023,39999.0,449.0,4.58,6,128,0,7325,6.4,510.0,13,5,3,1080,2400,60,1,1,MediaTek,MediaTek Dimensity 8020,8,2.21
260,Honor,Pad V8 Pro,,2023,54999.0,649.0,4.71,8,128,0,8540,6.7,530.0,13,8,3,1080,2400,60,1,1,MediaTek,MediaTek Dimensity 9000,8,2.08
261,Honor,Pad V9,,2024,54999.0,649.0,3.89,8,128,0,8508,6.7,530.0,13,8,3,1080,2400,60,1,1,MediaTek,MediaTek Dimensity 9000,8,2.32
262,Honor,Pad X10,,2024,29999.0,399.0,3.83,6,128,0,8806,6.4,475.0,8,5,3,1080,2400,60,1,1,Qualcomm,Qualcomm Snapdragon 685,8,1.7
263,Honor,Pad X10 Pro,,2024,39999.0,499.0,3.58,8,128,0,8992,6.1,485.0,13,8,3,1080,2400,60,1,1,Qualcomm,Qualcomm Snapdragon 7s Gen 2,8,2.47
264,Honor,Pad X6,,2020,14999.0,159.0,3.97,3,128,0,5157,6.5,460.0,5,2,3,1080,2400,60,1,1,MediaTek,MediaTek MT8768T,8,2.11
265,Honor,Pad X8,,2022,16999.0,189.0,3.97,4,128,0,5029,6.4,460.0,5,2,3,1080,2400,60,1,1,MediaTek,MediaTek Helio G80,8,2.74
266,Honor,Pad X8 Lite,,2022,12999.0,149.0,3.98,3,128,0,4935,6.8,450.0,5,2,3,1080,2400,60,1,1,MediaTek,MediaTek MT8786,8,2.26
267,Honor,Pad X8 Pro,,2023,16999.0,189.0,4.31,4,128,0,5188,6.8,460.0,5,2,3,1080,2400,60,1,1,MediaTek,MediaTek Helio G80,8,2.0
268,Honor,Pad X8a,,2023,12999.0,149.0,3.55,4,128,0,5090,6.1,450.0,5,2,3,1080,2400,60,1,1,MediaTek,MediaTek MT8786,8,3.07
269,Honor,Pad X8a Kids Edition,,2023,10999.0,129.0,4.03,3,128,0,4972,6.7,460.0,5,2,3,1080,2400,60,1,1,MediaTek,MediaTek MT8786,8,2.54
270,Honor,Pad X9,,2023,22999.0,299.0,3.32,6,128,0,7145,6.5,495.0,8,5,3,1080,2400,60,1,1,Qualcomm,Qualcomm Snapdragon 685,8,3.06
271,Honor,Pad X9 Pro,,2024,29999.0,399.0,4.16,8,128,0,8127,6.8,505.0,13,8,3,1080,2400,60,1,1,Qualcomm,Qualcomm Snapdragon 7s Gen 2,8,1.82
272,Honor,Play 4,,2020,21999.0,349.0,3.34,6,128,0,4295,6.1,213.0,64,16,3,1080,2400,60,1,1,MediaTek,MediaTek Dimensity 800,8,2.77
273,Honor,Play 4 Pro,,2020,29999.0,549.0,4.23,8,128,0,4334,6.4,213.0,40,32,3,1080,2400,60,1,1,Unknown,Kirin 990 5G,8,2.34
274,Honor,Play 5,,2021,19999.0,319.0,3.92,8,128,0,3756,6.4,179.0,64,16,3,1080,2400,60,1,1,MediaTek,MediaTek Dimensity 800U,8,2.89
275,Honor,Play 5T,,2021,14999.0,219.0,3.35,6,128,0,4941,6.7,191.0,13,8,3,1080,2400,60,1,1,Unknown,Unisoc T610,8,1.92
276,Honor,Play 6,,2022,12999.0,179.0,3.61,6,128,0,5092,6.4,190.0,13,5,3,1080,2400,60,1,1,MediaTek,MediaTek MT6762G Helio G25,8,2.19
277,Honor,Play 6T,,2022,16999.0,229.0,4.32,6,128,0,4947,6.4,198.0,13,5,3,1080,2400,60,1,1,MediaTek,MediaTek Dimensity 700,8,1.72
278,Honor,Play 7,,2023,12499.0,159.0,4.13,4,128,0,5217,6.7,196.0,13,5,3,1080,2400,60,1,1,MediaTek,MediaTek Helio G37,8,1.92
279,Honor,Play 7T,,2023,14999.0,199.0,4.2,6,128,0,5119,6.1,199.0,13,5,3,1080,2400,60,1,1,MediaTek,MediaTek Dimensity 6020,8,2.85
280,Honor,Play 8,,2023,11499.0,149.0,3.37,4,128,0,5047,6.4,191.0,13,5,3,1080,2400,60,1,1,MediaTek,MediaTek Helio G36,8,2.74
281,Honor,Play 8T,,2023,13999.0,189.0,3.82,6,128,0,5336,6.5,195.0,50,5,3,1080,2400,60,1,1,MediaTek,MediaTek Dimensity 6100+,8,2.93
282,Honor,Play 9,,2023,11499.0,149.0,4.14,4,128,0,5064,6.4,191.0,13,5,3,1080,2400,60,1,1,MediaTek,MediaTek Helio G36,8,1.95
283,Honor,Play 9T,,2023,13999.0,189.0,3.71,6,128,0,5208,6.5,195.0,50,5,3,1080,2400,60,1,1,MediaTek,MediaTek Dimensity 6100+,8,2.71
284,Honor,Tablet V7,,2021,34999.0,399.0,3.91,6,128,0,7140,6.4,480.0,13,8,3,1080,2400,60,1,1,MediaTek,MediaTek Dimensity 800,8,2.44
285,Honor,Tablet V7 Pro,,2021,44999.0,499.0,4.19,8,128,0,7227,6.8,485.0,13,8,3,1080,2400,60,1,1,MediaTek,MediaTek Dimensity 1300T,8,2.03
286,Honor,V40,,2021,37999.0,599.0,3.7,8,128,0,3897,6.1,189.0,50,16,3,1080,2400,60,1,1,MediaTek,MediaTek Dimensity 1000+,8,1.92
287,Honor,X10,,2020,19999.0,319.0,4.02,6,128,0,4378,6.1,203.0,40,16,3,1080,2400,60,1,1,Unknown,Kirin 820 5G,8,1.98
288,Honor,X10 Max,,2020,25999.0,379.0,4.33,8,128,0,4872,6.8,227.0,48,8,3,1080,2400,60,1,1,MediaTek,MediaTek Dimensity 800,8,2.08
289,Honor,X20,,2021,25999.0,379.0,4.04,6,128,0,4302,6.4,192.0,64,16,3,1080,2400,60,1,1,MediaTek,MediaTek Dimensity 900,8,2.07
290,Honor,X20 SE,,2021,22999.0,299.0,3.33,6,128,0,4021,6.1,179.0,64,16,3,1080,2400,60,1,1,MediaTek,MediaTek Dimensity 700,8,1.9
291,Honor,X30,,2021,27999.0,379.0,3.81,6,128,0,4734,6.8,189.0,48,16,3,1080,2400,60,1,1,Qualcomm,Qualcomm Snapdragon 695,8,1.74
292,Honor,X30 Max,,2021,35999.0,499.0,4.2,8,128,0,4984,6.4,228.0,64,8,3,1080,2400,60,1,1,MediaTek,MediaTek Dimensity 900,8,2.26
293,Honor,X30i,,2021,22999.0,299.0,4.15,6,128,0,3938,6.7,175.0,48,16,3,1080,2400,60,1,1,MediaTek,MediaTek Dimensity 810,8,2.17
294,Honor,X40,,2022,26999.0,299.0,4.04,6,128,0,4951,6.5,172.0,50,8,3,1080,2400,60,1,1,Qualcomm,Qualcomm Snapdragon 695,8,1.93
295,Honor,X40i,,2022,22999.0,279.0,4.49,6,128,0,3986,6.4,175.0,50,8,3,1080,2400,60,1,1,MediaTek,MediaTek Dimensity 700,8,1.69
296,Honor,X50,,2023,28999.0,299.0,4.48,6,128,0,5908,6.1,185.0,108,8,3,1080,2400,60,1,1,Qualcomm,Qualcomm Snapdragon 6 Gen 1,8,2.26
297,Honor,X50i,,2023,21999.0,249.0,4.67,6,128,0,4486,6.5,179.0,100,8,3,1080,2400,60,1,1,MediaTek,MediaTek Dimensity 6020,8,2.02
298,Honor,X60,,2023,28999.0,299.0,4.41,6,128,0,5887,6.4,185.0,108,8,3,1080,2400,60,1,1,Qualcomm,Qualcomm Snapdragon 6 Gen 1,8,2.62
299,Honor,X60i,,2023,21999.0,249.0,3.51,6,128,0,4591,6.1,179.0,100,8,3,1080,2400,60,1,1,MediaTek,MediaTek Dimensity 6020,8,3.0
300,huawei,Huawei Honor 9N,android,2022,10949.0,133.0,5.0,4,64,1,29916,6.5,,130,160,2,1080,2280,60,0,0,kirin,,8,2.36
301,huawei,Huawei Mate 30 RS Porsche Design,android,2016,214990.0,2606.0,4.25,12,512,1,45070,6.8,,400,320,4,1176,2400,60,1,1,kirin,,8,2.86
302,huawei,Huawei Mate 40 Pro 4G,other,2020,69990.0,848.0,4.57,8,128,1,43937,6.4,,500,130,3,1344,2772,90,0,1,kirin,,8,3.13
303,huawei,Huawei Mate 50 Pro 5G,other,2023,99990.0,1212.0,5.0,8,256,0,44967,6.7,,640,130,3,1440,3200,120,1,1,kirin,,8,3.13
304,huawei,Huawei Mate 50 RS Porsche Design,other,2017,239999.0,2909.0,5.0,12,512,1,46966,6.5,,500,130,3,1212,2616,120,0,1,snapdragon,,8,3.2
305,huawei,Huawei Mate X,,2017,169000.0,2048.0,4.1,8,512,0,45094,6.4,,480,12,4,2200,2480,60,1,1,kirin,,8,2.86
306,huawei,Huawei Mate Xs 2,,2018,162990.0,1976.0,5.0,8,512,0,46006,6.5,,500,110,3,2200,2480,120,0,1,snapdragon,,8,2.84
307,huawei,Huawei Nova 10,other,2018,29990.0,364.0,5.0,8,128,0,39888,6.4,,500,600,3,1080,2400,120,0,1,snapdragon,,8,2.4
308,huawei,Huawei Nova 10 SE,android,2023,23999.0,291.0,5.0,8,256,1,44941,6.8,,1080,160,3,1080,2160,90,0,1,snapdragon,,8,2.4
309,huawei,Huawei Nova 7i,android,2019,21990.0,267.0,5.0,8,128,1,41998,6.8,,480,160,4,1080,2340,60,0,1,kirin,,8,2.2
310,huawei,Huawei Nova 9,other,2017,29990.0,364.0,5.0,8,128,0,42885,6.4,,500,320,4,1080,2340,120,0,1,snapdragon,,8,2.4
311,huawei,Huawei Nova 9 SE,android,2018,19990.0,242.0,5.0,8,128,1,40064,6.4,,1080,160,4,1080,2388,90,0,1,snapdragon,,8,2.4
312,huawei,Huawei Nova Y61,other,2025,21990.0,267.0,5.0,4,64,1,50110,6.8,,500,50,3,720,1600,60,0,1,Unknown,,8,2.26
313,huawei,Huawei Nova Y90,other,2022,22990.0,279.0,5.0,8,128,1,49902,6.5,,500,80,4,1080,2388,90,0,1,snapdragon,,8,2.4
314,huawei,Huawei P40 Pro,android,2023,82990.0,1006.0,3.77,8,256,1,42113,6.1,,500,320,4,1200,2640,90,1,1,kirin,,8,2.86
315,huawei,Huawei P50 Pro 4G,other,2019,60999.0,739.0,3.62,8,256,1,43497,6.4,,500,130,4,1288,2700,120,0,1,snapdragon,,8,2.84
316,Huawei,Mate 40E,,2021,69999.0,799.0,4.09,8,128,0,4204,6.5,188.0,64,13,3,1080,2400,60,1,1,Unknown,Kirin 990E 5G,8,2.02
317,Huawei,Mate 50,,2022,84999.0,999.0,4.24,8,128,0,4394,6.4,202.0,50,13,3,1080,2400,60,1,1,Qualcomm,Snapdragon 8+ Gen 1 4G,8,2.86
318,Huawei,Mate 50 Pro,,2022,99999.0,1199.0,4.64,8,128,0,4658,6.7,205.0,50,13,3,1080,2400,60,1,1,Qualcomm,Snapdragon 8+ Gen 1 4G,8,3.04
319,Huawei,Mate 60,,2023,109999.0,1099.0,3.69,12,128,0,4750,6.1,209.0,501212,13,3,1080,2400,60,1,1,Unknown,Kirin 9000S,8,2.81
320,Huawei,Mate 60 Pro,,2023,129999.0,1299.0,3.6,12,128,0,5000,6.4,225.0,504048,13,3,1080,2400,60,1,1,Unknown,Kirin 9000S,8,2.04
321,Huawei,Mate 60 Pro+,,2023,149999.0,1499.0,3.76,12,128,0,5322,6.5,235.0,504848,13,3,1080,2400,60,1,1,Unknown,Kirin 9000S,8,2.83
322,Huawei,Mate 70,,2024,89999.0,899.0,4.43,12,128,0,5031,6.7,220.0,5012,13,3,1080,2400,60,1,1,Unknown,Kirin 9010,8,1.73
323,Huawei,Mate 70 Pro,,2024,104999.0,999.0,4.68,12,128,0,4856,6.1,220.0,501240,13,3,1080,2400,60,1,1,Unknown,Kirin 9010,8,2.35
324,Huawei,Mate 70 Pro+,,2024,119999.0,1099.0,4.52,12,128,0,5077,6.8,220.0,501240,13,3,1080,2400,60,1,1,Unknown,Kirin 9010,8,2.02
325,Huawei,Mate X2,,2021,249999.0,2699.0,4.06,8,128,0,4472,6.8,295.0,50,16,3,1080,2400,60,1,1,Unknown,Kirin 9000 5G,8,2.46
326,Huawei,Mate X3,,2023,249999.0,2499.0,3.39,12,128,0,4857,6.7,239.0,501312,8,3,1080,2400,60,1,1,Qualcomm,Snapdragon 8+ Gen 1 4G,8,2.94
327,Huawei,Mate X6,,2024,249999.0,2499.0,3.37,12,128,0,4941,6.8,241.0,501312,8,3,1080,2400,60,1,1,Unknown,Kirin 9010,8,2.38
328,Huawei,Mate Xs 2,,2022,199999.0,2499.0,4.04,8,128,0,4598,6.8,255.0,50,107,3,1080,2400,60,1,1,Qualcomm,Snapdragon 888 4G,8,2.32
329,Huawei,Mate XT 256GB,,2024,259999.0,2599.0,3.47,12,128,0,4964,6.4,245.0,501248,13,3,1080,2400,60,1,1,Unknown,Kirin 9010,8,1.66
330,Huawei,Mate XT 512GB,,2024,274999.0,2799.0,3.95,12,128,0,4881,6.1,245.0,501248,13,3,1080,2400,60,1,1,Unknown,Kirin 9010,8,2.24
331,Huawei,MatePad Pro 12.2 512GB,,2024,49990.0,999.0,3.28,12,128,0,10160,6.7,508.0,1318,16,3,1080,2400,60,1,1,Unknown,Kirin 9000S,8,2.32
332,Huawei,MatePad Pro 13.2 512GB,,2024,58590.0,877.0,3.88,12,128,0,10221,6.8,580.0,1318,16,3,1080,2400,60,1,1,Unknown,Kirin 9000S,8,1.9
333,Huawei,Nova 10,,2022,39999.0,499.0,3.31,8,128,0,3867,6.5,168.0,50,60,3,1080,2400,60,1,1,Qualcomm,Snapdragon 778G 4G,8,2.49
334,Huawei,Nova 10 Pro,,2022,49999.0,599.0,4.44,8,128,0,4427,6.7,191.0,50,60,3,1080,2400,60,1,1,Qualcomm,Snapdragon 778G 4G,8,2.92
335,Huawei,Nova 10 SE,,2022,34999.0,399.0,4.18,8,128,0,4364,6.1,184.0,108,16,3,1080,2400,60,1,1,Qualcomm,Snapdragon 680 4G,8,2.84
336,Huawei,Nova 11,,2023,44999.0,499.0,3.45,8,128,0,4410,6.8,168.0,508,60,3,1080,2400,60,1,1,Qualcomm,Snapdragon 778G 4G,8,2.7
337,Huawei,Nova 11 Pro,,2023,54999.0,599.0,3.82,8,128,0,4464,6.7,188.0,508,608,3,1080,2400,60,1,1,Qualcomm,Snapdragon 778G 4G,8,2.36
338,Huawei,Nova 11 Ultra,,2023,64999.0,699.0,4.21,12,128,0,4563,6.8,188.0,508,608,3,1080,2400,60,1,1,Qualcomm,Snapdragon 778G 4G,8,3.02
339,Huawei,Nova 12,,2024,44999.0,499.0,3.81,8,128,0,4546,6.4,168.0,508,60,3,1080,2400,60,1,1,Unknown,Kirin 9000S,8,2.18
340,Huawei,Nova 12 Pro,,2024,54999.0,599.0,3.83,8,128,0,4587,6.7,188.0,508,608,3,1080,2400,60,1,1,Unknown,Kirin 9000S,8,2.08
341,Huawei,Nova 13 256GB,,2024,47999.0,529.0,4.5,8,128,0,4472,6.4,170.0,508,50,3,1080,2400,60,1,1,Unknown,Kirin 9000S,8,2.91
342,Huawei,Nova 13 512GB,,2024,54999.0,599.0,4.43,8,128,0,4715,6.7,170.0,508,50,3,1080,2400,60,1,1,Unknown,Kirin 9000S,8,1.86
343,Huawei,Nova 13 Pro 256GB,,2024,59999.0,649.0,4.41,8,128,0,4561,6.7,190.0,508,608,3,1080,2400,60,1,1,Unknown,Kirin 9000S,8,2.83
344,Huawei,Nova 13 Pro 512GB,,2024,67999.0,729.0,3.55,8,128,0,4549,6.8,190.0,508,608,3,1080,2400,60,1,1,Unknown,Kirin 9000S,8,2.8
345,Huawei,Nova 9,,2021,37999.0,499.0,4.12,8,128,0,4163,6.1,175.0,50,32,3,1080,2400,60,1,1,Qualcomm,Snapdragon 778G 4G,8,3.01
346,Huawei,Nova 9 Pro,,2021,44999.0,599.0,4.35,8,128,0,4050,6.7,186.0,50,32,3,1080,2400,60,1,1,Qualcomm,Snapdragon 778G 4G,8,2.59
347,Huawei,P50,,2021,59999.0,699.0,3.29,8,128,0,4243,6.1,181.0,50,13,3,1080,2400,60,1,1,Qualcomm,Snapdragon 888 4G,8,1.77
348,Huawei,P50 Pocket,,2021,129999.0,1299.0,3.34,8,128,0,4114,6.5,190.0,40,107,3,1080,2400,60,1,1,Qualcomm,Snapdragon 888 4G,8,2.39
349,Huawei,P50 Pro,,2021,79999.0,899.0,4.3,8,128,0,4302,6.8,195.0,50,13,3,1080,2400,60,1,1,Qualcomm,Snapdragon 888 4G,8,1.95
350,Huawei,P50E,,2022,54999.0,649.0,3.67,8,128,0,4095,6.1,181.0,50,13,3,1080,2400,60,1,1,Qualcomm,Snapdragon 778G 4G,8,1.95
351,Huawei,P60,,2023,84999.0,999.0,3.79,8,128,0,4775,6.7,197.0,481348,13,3,1080,2400,60,1,1,Qualcomm,Snapdragon 8+ Gen 1 4G,8,2.09
352,Huawei,P60 Art,,2023,119999.0,1299.0,4.08,8,128,0,5031,6.8,206.0,484048,13,3,1080,2400,60,1,1,Qualcomm,Snapdragon 8+ Gen 1 4G,8,2.04
353,Huawei,P60 Pro,,2023,99999.0,1099.0,3.6,8,128,0,4720,6.8,200.0,481348,13,3,1080,2400,60,1,1,Qualcomm,Snapdragon 8+ Gen 1 4G,8,2.17
354,Huawei,Pura 70,,2024,84999.0,999.0,4.57,12,128,0,4770,6.5,220.0,501312,13,3,1080,2400,60,1,1,Unknown,Kirin 9010,8,1.83
355,Huawei,Pura 70 Pro,,2024,99999.0,1099.0,3.89,12,128,0,5092,6.8,220.0,5012548,13,3,1080,2400,60,1,1,Unknown,Kirin 9010,8,2.74
356,Huawei,Pura 70 Pro+,,2024,114999.0,1199.0,4.52,12,128,0,4963,6.5,220.0,5012548,13,3,1080,2400,60,1,1,Unknown,Kirin 9010,8,2.54
357,Huawei,Pura 70 Ultra,,2024,129999.0,1299.0,4.37,16,128,0,5303,6.7,226.0,504050,13,3,1080,2400,60,1,1,Unknown,Kirin 9010,8,2.47
358,ikall,iKall Z18,android,2018,6799.0,82.0,5.0,4,64,1,50103,6.4,,200,130,1,720,1560,60,0,0,Unknown,,4,1.3
359,ikall,iKall Z19,android,2016,7999.0,97.0,5.0,4,32,1,49879,6.7,,200,130,1,720,1600,60,0,0,Unknown,,4,1.6
360,ikall,iKall Z19 Pro,android,2025,8099.0,98.0,5.0,4,64,1,50130,6.4,,130,80,1,720,1600,60,0,0,Unknown,,4,1.6
361,Infinix,GT 10 Pro 256GB,,2023,32999.0,399.0,3.93,8,128,0,5003,6.1,187.0,108,32,3,1080,2400,60,1,1,MediaTek,MediaTek Dimensity 8050,8,2.43
362,Infinix,GT 20 Pro,,2024,32999.0,449.0,4.35,12,128,0,5517,6.1,198.0,108,32,3,1080,2400,60,1,1,MediaTek,MediaTek Dimensity 8200,8,2.19
363,Infinix,Hot 10 128GB,,2020,10999.0,159.0,4.55,4,128,0,5346,6.8,204.0,16,8,3,1080,2400,60,1,1,MediaTek,MediaTek Helio G70,8,2.44
364,Infinix,Hot 10 Lite 64GB,,2020,7999.0,109.0,4.49,3,128,0,4985,6.7,195.0,13,8,3,1080,2400,60,1,1,MediaTek,MediaTek Helio A25,8,2.24
365,Infinix,Hot 10 Play 64GB,,2021,9499.0,139.0,3.96,4,128,0,5874,6.1,207.0,13,8,3,1080,2400,60,1,1,MediaTek,MediaTek Helio G25,8,2.28
366,Infinix,Hot 10S 128GB,,2021,11999.0,169.0,4.14,6,128,0,5877,6.4,211.0,48,8,3,1080,2400,60,1,1,MediaTek,MediaTek Helio G85,8,2.05
367,Infinix,Hot 10S NFC 128GB,,2021,12499.0,179.0,3.73,6,128,0,6136,6.7,211.0,48,8,3,1080,2400,60,1,1,MediaTek,MediaTek Helio G85,8,3.0
368,Infinix,Hot 10T 128GB,,2021,10499.0,149.0,4.12,4,128,0,5057,6.4,205.0,48,8,3,1080,2400,60,1,1,MediaTek,MediaTek Helio G70,8,2.01
369,Infinix,Hot 11 128GB,,2021,10999.0,159.0,4.03,4,128,0,5146,6.7,201.0,13,8,3,1080,2400,60,1,1,MediaTek,MediaTek Helio G70,8,2.71
370,Infinix,Hot 11 Play 128GB,,2021,11499.0,169.0,3.45,4,128,0,5932,6.1,209.0,13,8,3,1080,2400,60,1,1,MediaTek,MediaTek Helio G35,8,2.18
371,Infinix,Hot 11s 128GB,,2021,12999.0,189.0,3.77,6,128,0,5015,6.5,205.0,50,8,3,1080,2400,60,1,1,MediaTek,MediaTek Helio G88,8,1.67
372,Infinix,Hot 12 128GB,,2022,11499.0,179.0,3.54,6,128,0,5147,6.1,195.0,13,8,3,1080,2400,60,1,1,MediaTek,MediaTek Helio G85,8,1.99
373,Infinix,Hot 12 Play 128GB,,2022,10499.0,159.0,4.23,4,128,0,6110,6.7,209.0,13,8,3,1080,2400,60,1,1,Unknown,Unisoc T610,8,1.68
374,Infinix,Hot 12 Pro 128GB,,2022,12999.0,199.0,3.59,8,128,0,4964,6.4,191.0,50,8,3,1080,2400,60,1,1,Unknown,Unisoc T616,8,2.82
375,Infinix,Hot 12i 64GB,,2022,9999.0,139.0,3.99,4,128,0,4969,6.5,190.0,13,8,3,1080,2400,60,1,1,MediaTek,MediaTek Helio A22,8,3.08
376,Infinix,Hot 20 128GB,,2022,12999.0,199.0,4.98,6,128,0,5035,6.1,198.0,50,8,3,1080,2400,60,1,1,MediaTek,MediaTek Helio G85,8,1.99
377,Infinix,Hot 20 5G 128GB,,2022,16999.0,239.0,3.21,6,128,0,4861,6.8,204.0,50,8,3,1080,2400,60,1,1,MediaTek,MediaTek Dimensity 810,8,2.02
378,Infinix,Hot 20 Play 128GB,,2022,10999.0,159.0,4.62,4,128,0,5932,6.1,209.0,13,8,3,1080,2400,60,1,1,MediaTek,MediaTek Helio G37,8,1.96
379,Infinix,Hot 20i 64GB,,2022,9499.0,139.0,4.07,4,128,0,5084,6.8,195.0,13,8,3,1080,2400,60,1,1,MediaTek,MediaTek Helio G25,8,2.47
380,Infinix,Hot 20s 128GB,,2022,14999.0,219.0,3.56,8,128,0,5114,6.7,202.0,50,8,3,1080,2400,60,1,1,MediaTek,MediaTek Helio G96,8,3.02
381,Infinix,Hot 30 128GB,,2023,12499.0,199.0,3.36,8,128,0,5005,6.1,196.0,50,8,3,1080,2400,60,1,1,MediaTek,MediaTek Helio G88,8,2.65
382,Infinix,Hot 30 5G 128GB,,2023,17999.0,239.0,3.81,8,128,0,4978,6.1,202.0,50,8,3,1080,2400,60,1,1,MediaTek,MediaTek Dimensity 810,8,2.15
383,Infinix,Hot 30 Play 128GB,,2023,11999.0,179.0,4.21,4,128,0,6101,6.4,205.0,16,8,3,1080,2400,60,1,1,MediaTek,MediaTek Helio G37,8,2.97
384,Infinix,Hot 30i 128GB,,2023,10999.0,159.0,3.85,4,128,0,5123,6.7,191.0,13,8,3,1080,2400,60,1,1,Unknown,Unisoc T606,8,2.57
385,Infinix,Hot 30i NFC 128GB,,2023,11499.0,159.0,4.02,4,128,0,4933,6.4,191.0,13,8,3,1080,2400,60,1,1,Unknown,Unisoc T606,8,2.99
386,Infinix,Hot 40,,2023,12499.0,199.0,3.14,8,128,0,5067,6.8,196.0,50,32,3,1080,2400,60,1,1,MediaTek,MediaTek Helio G88,8,2.16
387,Infinix,Hot 40 Pro,,2023,14999.0,229.0,4.14,8,128,0,5025,6.1,195.0,108,32,3,1080,2400,60,1,1,MediaTek,MediaTek Helio G99,8,1.94
388,Infinix,Hot 40i,,2023,10999.0,159.0,3.53,4,128,0,5074,6.4,195.0,13,8,3,1080,2400,60,1,1,Unknown,Unisoc T606,8,2.37
389,Infinix,Hot 50,,2024,14999.0,219.0,3.1,6,128,0,4961,6.4,192.0,50,8,3,1080,2400,60,1,1,MediaTek,MediaTek Helio G85,8,1.87
390,Infinix,Hot 50 5G,,2024,18999.0,289.0,3.68,8,128,0,5234,6.7,195.0,50,16,3,1080,2400,60,1,1,MediaTek,MediaTek Dimensity 810,8,1.75
391,Infinix,Hot 50 Pro,,2024,17999.0,269.0,3.32,8,128,0,5019,6.5,194.0,50,16,3,1080,2400,60,1,1,MediaTek,MediaTek Helio G99,8,2.29
392,Infinix,Hot 50 Pro+,,2024,24999.0,379.0,3.11,12,128,0,5372,6.4,196.0,108,32,3,1080,2400,60,1,1,MediaTek,MediaTek Dimensity 9200,8,2.34
393,Infinix,Hot 50i,,2024,12499.0,179.0,3.92,4,128,0,5049,6.1,190.0,50,8,3,1080,2400,60,1,1,Unknown,Unisoc T606,8,2.17
394,infinix,Infinix Hot 11S,android,2016,9690.0,117.0,5.0,4,64,1,49989,6.5,,500,80,3,1080,2480,90,0,0,helio,,8,2.0
395,infinix,Infinix Hot 12,android,2022,9999.0,121.0,5.0,4,64,1,59947,6.1,,500,80,3,720,1640,90,0,1,helio,,8,2.3
396,infinix,Infinix Hot 12 Play,android,2025,8910.0,108.0,5.0,4,64,1,60005,6.5,,130,80,2,1640,720,90,0,1,tiger,,8,1.82
397,infinix,Infinix Hot 12 Pro,android,2019,10850.0,132.0,5.0,6,64,1,50001,6.8,,500,80,2,720,1612,90,0,1,tiger,,8,2.0
398,infinix,Infinix Hot 12 Pro (8GB RAM+ 128GB),android,2024,12340.0,150.0,5.0,8,128,1,49944,6.1,,500,80,2,720,1612,90,0,1,tiger,,8,2.0
399,infinix,Infinix Hot 20,android,2024,17999.0,218.0,5.0,4,64,1,49938,6.4,,500,80,2,1080,2408,120,1,1,dimensity,,8,2.4
400,infinix,Infinix Hot 20 (6GB RAM+ 128GB),android,2023,19999.0,242.0,5.0,6,128,1,49850,6.1,,500,80,2,1080,2408,120,1,1,dimensity,,8,2.4
401,infinix,Infinix Hot 20 Play,android,2019,8999.0,109.0,5.0,4,64,1,59903,6.1,,130,80,2,720,1640,90,0,1,helio,,8,2.3
402,infinix,Infinix Hot 20i,android,2019,9999.0,121.0,5.0,3,64,1,49954,6.7,,130,80,2,720,1612,60,0,0,helio,,8,2.0
403,infinix,Infinix Hot 20S,android,2017,12999.0,158.0,5.0,8,128,1,49949,6.1,,500,80,2,1080,2460,60,0,1,helio,,8,2.05
404,infinix,Infinix Note 11 (6GB RAM + 128GB),android,2024,12799.0,155.0,5.0,6,128,1,49939,6.4,,500,160,3,1080,2400,60,0,1,helio,,8,2.0
405,infinix,Infinix Note 11S (8GB RAM + 128GB),android,2016,15999.0,194.0,5.0,8,128,1,50115,6.8,,500,160,3,1080,2460,120,0,1,helio,,8,2.05
406,infinix,Infinix Note 12,android,2022,11700.0,142.0,5.0,4,64,1,50143,6.1,,500,160,3,2400,1080,60,0,1,helio,,8,2.0
407,infinix,Infinix Note 12 (6GB RAM + 128GB),android,2025,12999.0,158.0,5.0,6,128,1,49966,6.4,,500,160,3,2400,1080,60,0,1,helio,,8,2.0
408,infinix,Infinix Note 12 (G96),android,2020,16999.0,206.0,5.0,8,128,1,49943,6.1,,500,160,3,1080,2400,60,0,1,helio,,8,2.05
409,infinix,Infinix Note 12 5G,android,2016,15999.0,194.0,5.0,6,64,1,49982,6.4,,500,160,3,1080,2400,60,1,1,dimensity,,8,2.4
410,infinix,Infinix Note 12 Pro,android,2024,16900.0,205.0,5.0,8,256,1,50133,6.8,,1080,160,3,1080,2400,60,0,1,helio,,8,2.2
411,infinix,Infinix Note 12 Pro 5G,android,2016,18999.0,230.0,5.0,8,128,1,49988,6.1,,1080,160,3,1080,2400,60,1,1,dimensity,,8,2.4
412,infinix,Infinix Note 12 Turbo,android,2019,14999.0,182.0,5.0,8,128,1,49853,6.7,,500,160,3,2400,1080,60,0,1,helio,,8,2.0
413,infinix,Infinix Note 12 VIP,android,2023,19999.0,242.0,5.0,8,128,1,44963,6.7,,1080,160,3,1080,2400,120,0,1,helio,,8,2.05
414,infinix,Infinix Note 12i (2022),android,2016,9999.0,121.0,5.0,4,64,1,49958,6.1,,500,80,3,1080,2400,60,0,1,helio,,8,2.0
415,infinix,Infinix Note 13 Pro,android,2023,16999.0,206.0,5.0,6,128,1,49895,6.4,,1080,160,4,1080,2460,60,0,1,helio,,8,2.2
416,infinix,Infinix Smart 6,android,2018,7320.0,89.0,5.0,2,64,1,50143,6.1,,80,50,2,720,1600,60,0,0,helio,,4,2.0
417,infinix,Infinix Smart 6 HD,android,2023,6999.0,85.0,4.01,2,32,1,50094,6.4,,80,50,2,720,1600,60,0,0,helio,,4,2.0
418,infinix,Infinix Smart 6 Plus,android,2017,8299.0,101.0,5.0,3,64,1,50095,6.1,,80,50,2,720,1600,60,0,0,helio,,8,2.0
419,infinix,Infinix Zero 20,android,2016,17999.0,218.0,5.0,8,128,1,45059,6.1,,1080,600,3,1080,2400,90,0,1,helio,,8,2.2
420,infinix,Infinix Zero 5G 2023,android,2023,19499.0,236.0,5.0,8,256,1,50138,6.5,,500,160,3,1080,2460,120,1,1,dimensity,,8,2.6
421,infinix,Infinix Zero Ultra,android,2024,36999.0,448.0,5.0,8,256,1,44862,6.5,,2000,320,3,1080,2400,120,1,1,dimensity,,8,2.5
422,infinix,Infinix Zero X Pro,android,2024,21990.0,267.0,5.0,8,128,1,45132,6.4,,1080,160,3,1080,2400,120,1,1,helio,,8,2.05
423,Infinix,Note 40,,2024,17999.0,279.0,3.29,8,128,0,5067,6.8,190.0,108,32,3,1080,2400,60,1,1,MediaTek,MediaTek Helio G99,8,3.01
424,Infinix,Note 40 5G,,2024,19999.0,319.0,4.26,8,128,0,5275,6.1,195.0,108,32,3,1080,2400,60,1,1,MediaTek,MediaTek Dimensity 8100,8,2.13
425,Infinix,Note 40 Pro,,2024,22999.0,329.0,3.82,12,128,0,5132,6.1,190.0,108,32,3,1080,2400,60,1,1,MediaTek,MediaTek Dimensity 8100,8,2.84
426,Infinix,Note 40 Pro 5G,,2024,27999.0,399.0,2.91,12,128,0,5214,6.5,195.0,108,32,3,1080,2400,60,1,1,MediaTek,MediaTek Dimensity 9000,8,2.45
427,Infinix,Note 40 Racing Edition,,2024,32999.0,449.0,4.03,12,128,0,5379,6.8,196.0,108,32,3,1080,2400,60,1,1,MediaTek,MediaTek Dimensity 9200,8,2.85
428,Infinix,Note 40S,,2024,16999.0,279.0,3.74,8,128,0,4885,6.5,196.0,50,32,3,1080,2400,60,1,1,MediaTek,MediaTek Helio G99,8,1.83
429,Infinix,Note 40X 5G,,2024,23999.0,349.0,3.75,8,128,0,5125,6.7,198.0,108,32,3,1080,2400,60,1,1,MediaTek,MediaTek Dimensity 7200,8,2.19
430,Infinix,Note 8 128GB,,2020,15999.0,229.0,3.38,6,128,0,5059,6.8,210.0,64,16,3,1080,2400,60,1,1,MediaTek,MediaTek Helio G80,8,2.96
431,Infinix,Note 8i 128GB,,2020,12999.0,199.0,3.8,6,128,0,5106,6.8,210.0,48,8,3,1080,2400,60,1,1,MediaTek,MediaTek Helio G80,8,2.4
432,Infinix,Smart 5 64GB,,2020,7499.0,99.0,3.87,3,128,0,4984,6.1,195.0,13,8,3,1080,2400,60,1,1,MediaTek,MediaTek Helio A20,8,1.86
433,Infinix,Smart HD 32GB,,2020,5999.0,79.0,3.88,2,128,0,4883,6.4,195.0,8,5,3,1080,2400,60,1,1,MediaTek,MediaTek Helio A20,8,2.26
434,Infinix,Xpad,,2024,21999.0,299.0,4.53,6,128,0,7009,6.5,450.0,13,8,3,1080,2400,60,1,1,MediaTek,MediaTek Helio G99,8,1.81
435,Infinix,Xpad 5G,,2024,29999.0,399.0,4.23,8,128,0,7868,6.1,470.0,50,16,3,1080,2400,60,1,1,MediaTek,MediaTek Dimensity 810,8,1.64
436,Infinix,Xpad Lite,,2024,14999.0,219.0,3.23,4,128,0,5930,6.7,420.0,8,5,3,1080,2400,60,1,1,Unknown,Unisoc T606,8,2.33
437,Infinix,Xpad Pro,,2024,39999.0,549.0,3.73,12,128,0,8997,6.7,480.0,50,32,3,1080,2400,60,1,1,MediaTek,MediaTek Dimensity 9200,8,2.36
438,Infinix,Zero 30 256GB,,2023,26999.0,349.0,4.39,8,128,0,4993,6.5,185.0,108,50,3,1080,2400,60,1,1,MediaTek,MediaTek Dimensity 8020,8,3.09
439,Infinix,Zero 30 5G 256GB,,2023,29999.0,379.0,3.77,12,128,0,5009,6.4,185.0,108,50,3,1080,2400,60,1,1,MediaTek,MediaTek Dimensity 8020,8,2.92
440,Infinix,Zero 40,,2024,24999.0,349.0,3.87,12,128,0,5056,6.8,195.0,108,50,3,1080,2400,60,1,1,MediaTek,MediaTek Dimensity 8200,8,1.68
441,Infinix,Zero 40 5G,,2024,27999.0,379.0,3.53,12,128,0,4996,6.1,195.0,108,50,3,1080,2400,60,1,1,MediaTek,MediaTek Dimensity 8200,8,2.94
442,Infinix,Zero 8 128GB,,2020,19999.0,279.0,3.8,8,128,0,4623,6.8,205.0,64,48,3,1080,2400,60,1,1,MediaTek,MediaTek Helio G90T,8,2.37
443,Infinix,Zero 8i 128GB,,2020,17999.0,249.0,4.09,8,128,0,4399,6.1,210.0,48,16,3,1080,2400,60,1,1,MediaTek,MediaTek Helio G90T,8,2.9
444,Infinix,Zero Flip,,2024,32999.0,399.0,3.32,8,128,0,4432,6.8,190.0,108,32,3,1080,2400,60,1,1,Qualcomm,Qualcomm Snapdragon 778G,8,1.98
445,iqoo,iQOO 11 (16GB RAM + 256GB),android,2020,64999.0,788.0,5.0,16,256,0,49892,6.4,,500,160,3,1440,3200,144,1,1,snapdragon,,8,3.2
446,iqoo,iQOO 11 5G,android,2020,59999.0,727.0,5.0,8,256,0,49859,6.8,,500,160,3,1440,3200,144,1,1,snapdragon,,8,3.2
447,iqoo,iQOO 11 Pro 5G,android,2017,58990.0,715.0,5.0,8,256,0,47125,6.1,,500,160,3,1440,3200,144,1,1,snapdragon,,8,3.2
448,iqoo,iQOO 7,android,2024,24990.0,303.0,5.0,8,128,0,44027,6.7,,480,160,3,1080,2400,120,1,1,snapdragon,,8,3.2
449,iqoo,iQOO 7 (12GB RAM + 256GB),android,2016,35990.0,436.0,5.0,12,256,0,44131,6.5,,480,160,3,1080,2400,120,1,1,snapdragon,,8,3.2
450,iqoo,iQOO 7 Legend,android,2018,39990.0,485.0,5.0,8,128,0,39883,6.8,,480,160,3,1080,2400,120,1,1,snapdragon,,8,2.84
451,iqoo,iQOO 9 5G,android,2023,34990.0,424.0,5.0,8,128,0,43451,6.7,,480,160,3,1080,2376,120,1,1,snapdragon,,8,2.9
452,iqoo,iQOO 9 5G (12GB RAM + 256GB),android,2017,39990.0,485.0,5.0,12,256,0,43407,6.8,,480,160,3,1080,2376,120,1,1,snapdragon,,8,2.9
453,iqoo,iQOO 9 Pro 5G,android,2019,59990.0,727.0,5.0,8,256,0,46969,6.8,,500,160,3,1440,3200,120,1,1,snapdragon,,8,3.0
454,iqoo,iQOO 9 SE 5G,android,2022,30990.0,376.0,5.0,8,128,0,44894,6.8,,480,160,3,1080,2400,120,1,1,snapdragon,,8,2.84
455,iqoo,iQOO 9 SE 5G (12GB RAM + 256GB),android,2021,34949.0,424.0,5.0,12,256,0,44986,6.7,,480,160,3,1080,2400,120,1,1,snapdragon,,8,2.84
456,iqoo,iQOO 9T 5G,android,2021,47990.0,582.0,5.0,8,128,0,47055,6.4,,500,160,3,1080,2400,120,1,1,snapdragon,,8,3.2
457,iqoo,iQOO Neo 6 5G,android,2019,28999.0,352.0,5.0,8,128,0,47068,6.7,,640,160,3,1080,2400,120,1,1,snapdragon,,8,3.2
458,iqoo,iQOO Neo 6 5G (12GB RAM + 256GB),android,2018,33749.0,409.0,5.0,12,256,0,47143,6.8,,640,160,3,1080,2400,120,1,1,snapdragon,,8,3.2
459,iqoo,iQOO Neo 6 SE 5G,android,2025,22990.0,279.0,5.0,8,128,0,47135,6.4,,640,160,3,1080,2400,120,1,1,snapdragon,,8,3.2
460,iqoo,iQOO Neo 7 5G,android,2020,29999.0,364.0,5.0,8,128,0,49927,6.8,,640,160,3,1080,2400,120,1,1,dimensity,,8,3.1
461,iqoo,iQOO Neo 7 Racing Edition,android,2024,32990.0,400.0,5.0,8,256,0,49989,6.7,,500,160,3,1080,2400,120,1,1,snapdragon,,8,3.2
462,iqoo,iQOO Neo 7 SE 5G,android,2024,24990.0,303.0,5.0,8,128,0,50133,6.4,,640,160,3,1080,2400,120,1,1,dimensity,,8,3.1
463,iqoo,iQOO Z6 4G,android,2020,14489.0,176.0,5.0,4,128,1,50079,6.1,,500,160,3,1080,2400,120,0,1,snapdragon,,8,2.4
464,iqoo,iQOO Z6 4G (6GB RAM + 128GB),android,2020,15999.0,194.0,5.0,6,128,1,50065,6.1,,500,160,3,1080,2400,120,0,1,snapdragon,,8,2.4
465,iqoo,iQOO Z6 5G,android,2021,15499.0,188.0,5.0,4,128,1,50023,6.1,,500,160,3,1080,2408,120,1,1,snapdragon,,8,2.2
466,iqoo,iQOO Z6 5G (6GB RAM + 128GB),android,2025,16940.0,205.0,5.0,6,128,1,49949,6.4,,500,160,3,1080,2408,120,1,1,snapdragon,,8,2.2
467,iqoo,iQOO Z6 5G (8GB RAM + 128GB),android,2022,18498.0,224.0,5.0,8,128,1,49917,6.8,,500,160,3,1080,2408,120,1,1,snapdragon,,8,2.2
468,iqoo,iQOO Z6 Lite (6GB RAM + 128GB),android,2019,15499.0,188.0,5.0,6,128,1,49864,6.8,,500,80,2,1080,2408,120,1,1,snapdragon,,8,2.0
469,iqoo,iQOO Z6 Lite 5G,android,2024,13989.0,170.0,5.0,4,64,1,50056,6.4,,500,80,2,1080,2408,120,1,1,snapdragon,,8,2.0
470,iqoo,iQOO Z6 Pro 5G,android,2023,21788.0,264.0,5.0,6,128,0,46935,6.1,,640,160,3,1080,2404,90,1,1,snapdragon,,8,2.4
471,iqoo,iQOO Z6 Pro 5G (12GB RAM + 256GB),android,2021,27999.0,339.0,5.0,12,256,0,47137,6.1,,640,160,3,1080,2404,90,1,1,snapdragon,,8,2.4
472,iqoo,iQOO Z6 Pro 5G (8GB RAM + 128GB),android,2022,23399.0,284.0,5.0,8,128,0,46932,6.8,,640,160,3,1080,2404,90,1,1,snapdragon,,8,2.4
473,iqoo,iQOO Z7 5G,android,2020,17999.0,218.0,5.0,8,128,0,42040,6.5,,500,160,3,1080,2400,120,1,1,snapdragon,,8,2.2
474,iqoo,iQOO Z7 Pro 5G,android,2021,24999.0,303.0,5.0,6,128,1,49851,6.4,,500,160,3,1080,2412,144,1,1,snapdragon,,8,2.36
475,iqoo,iQOO Z8 5G,android,2024,14999.0,182.0,5.0,4,128,1,49956,6.1,,500,160,3,1080,2412,120,1,1,snapdragon,,8,2.2
476,iqoo,iQOO Z9,android,2020,19990.0,242.0,5.0,8,128,1,50118,6.7,,640,160,3,1080,2412,120,1,1,snapdragon,,8,1.92
477,iQOO,Pad 128GB,,2023,37999.0,349.0,4.26,6,128,0,8160,6.7,520.0,13,8,3,1080,2400,60,1,1,Qualcomm,Snapdragon 870,8,1.91
478,iQOO,Pad 2 256GB,,2024,43999.0,399.0,3.97,8,128,0,8187,6.7,540.0,50,8,3,1080,2400,60,1,1,Qualcomm,Snapdragon 888,8,2.63
479,iQOO,Pad 2 Pro 256GB,,2024,49999.0,449.0,4.36,8,128,0,8180,6.5,555.0,50,8,3,1080,2400,60,1,1,Qualcomm,Snapdragon 8 Gen 1,8,1.7
480,itel,Itel A23 Pro,android,2016,3999.0,48.0,3.68,1,8,0,23923,6.1,,50,20,1,854,480,60,0,0,spreadtrum,,4,1.4
481,itel,itel A23s,android,2018,4787.0,58.0,4.34,2,32,0,30292,6.4,,20,12,1,854,480,60,0,0,spreadtrum,,4,1.4
482,itel,Itel A24 Pro,android,2019,5990.0,73.0,4.7,2,32,1,30073,6.5,,20,0,1,854,480,60,0,0,unisoc,,4,1.4
483,itel,itel A56,android,2024,5490.0,67.0,3.88,1,16,1,40122,6.8,,80,50,2,720,1600,60,0,0,Unknown,,4,1.3
484,itel,itel P36,android,2025,6490.0,79.0,4.01,1,16,0,50076,6.1,,80,80,2,1600,720,60,0,0,spreadtrum,,4,1.3
485,itel,itel S16,android,2021,5990.0,73.0,4.19,1,16,1,40128,6.1,,80,80,3,1600,720,60,0,0,unisoc,,4,1.3
486,itel,itel S16 Pro,android,2020,6990.0,85.0,4.81,2,32,1,39888,6.8,,80,80,3,1600,720,60,0,0,Unknown,,4,1.3
487,itel,itel Vision 1 (3GB RAM + 32GB),android,2017,5890.0,71.0,3.61,3,32,1,40073,6.1,,80,50,2,1520,720,60,0,0,unisoc,,8,1.6
488,itel,itel Vision 3,android,2018,6699.0,81.0,5.0,3,64,1,49946,6.7,,80,50,2,1612,720,60,0,1,unisoc,,8,1.6
489,itel,itel Vision 3 (2GB RAM + 32GB),android,2016,5785.0,70.0,3.81,2,32,1,50100,6.7,,80,50,2,1612,720,60,0,1,unisoc,,8,1.6
490,jio,Jio JioPhone 5G,android,2025,11990.0,145.0,5.0,4,32,1,50028,6.5,,130,80,1,720,1600,90,1,1,snapdragon,,8,2.2
491,jio,Jio JioPhone Next,android,2020,4649.0,56.0,3.31,2,32,1,34889,6.7,,130,80,1,720,1440,60,0,0,snapdragon,,4,1.3
492,jio,Jio JioPhone Next (3GB RAM + 32GB),android,2024,7499.0,91.0,4.63,3,32,1,30099,6.8,,130,80,1,720,1440,60,0,0,snapdragon,,4,1.3
493,jio,Jio Phone 3,android,2025,4499.0,55.0,4.16,2,64,1,28142,6.8,,50,20,1,720,1280,60,0,0,Unknown,,4,1.4
494,lava,Lava Agni 5G,android,2020,17990.0,218.0,5.0,8,128,1,50090,6.7,,640,160,4,1080,2460,90,1,1,dimensity,,8,2.4
495,lava,Lava Blaze 5G,android,2025,10999.0,133.0,5.0,4,128,1,49923,6.5,,500,80,3,1600,720,90,1,0,dimensity,,8,2.2
496,lava,Lava Blaze NXT,android,2016,8999.0,109.0,5.0,4,64,1,50071,6.1,,130,80,3,720,1600,60,0,0,helio,,8,2.3
497,lava,Lava X3,android,2019,6999.0,85.0,3.22,3,32,1,40049,6.7,,80,50,2,1600,720,60,0,0,helio,,4,2.0
498,leeco,LeEco S1 Pro,android,2024,10999.0,133.0,5.0,8,128,0,50046,6.5,,130,50,2,720,1600,60,0,1,tiger,,4,1.8
499,leitz,Leitz Phone 2,android,2016,124990.0,1515.0,5.0,12,256,1,49991,6.7,,472,130,2,1260,2730,240,1,1,snapdragon,,8,3.0
500,Lenovo,A6 Note 32GB,,2019,9999.0,149.0,4.3,3,128,0,4029,6.7,172.0,13,5,3,1080,2400,60,1,1,Unknown,Helio P22,8,2.95
501,Lenovo,K10 Note 128GB,,2019,15999.0,249.0,3.84,6,128,0,4143,6.7,164.0,16,16,3,1080,2400,60,1,1,Qualcomm,Snapdragon 710,8,2.54
502,Lenovo,K10 Note 64GB,,2019,13999.0,219.0,3.92,4,128,0,4078,6.4,164.0,16,16,3,1080,2400,60,1,1,Qualcomm,Snapdragon 710,8,1.61
503,Lenovo,K10 Plus 64GB,,2019,10999.0,179.0,4.37,4,128,0,4161,6.5,172.0,13,16,3,1080,2400,60,1,1,Qualcomm,Snapdragon 632,8,1.74
504,Lenovo,K13 32GB,,2021,7499.0,149.0,4.04,2,128,0,4989,6.7,190.0,13,5,3,1080,2400,60,1,1,Unknown,Unisoc SC9863A,8,2.81
505,Lenovo,K13 Note 64GB,,2021,11999.0,199.0,4.05,4,128,0,5070,6.7,200.0,48,8,3,1080,2400,60,1,1,Qualcomm,Snapdragon 460,8,2.44
506,Lenovo,K13 Pro 128GB,,2021,14999.0,249.0,4.02,6,128,0,5051,6.8,200.0,64,16,3,1080,2400,60,1,1,Qualcomm,Snapdragon 662,8,3.0
507,Lenovo,K14 Plus 128GB,,2022,12999.0,229.0,4.04,6,128,0,4955,6.4,198.0,48,8,3,1080,2400,60,1,1,Unknown,Unisoc T700,8,2.99
508,Lenovo,K14 Plus 64GB,,2022,10999.0,199.0,3.74,4,128,0,4995,6.8,198.0,48,8,3,1080,2400,60,1,1,Unknown,Unisoc T700,8,2.47
509,Lenovo,Legion Y70 128GB,,2022,49999.0,499.0,3.96,8,128,0,5184,6.1,209.0,50,16,3,1080,2400,60,1,1,Qualcomm,Snapdragon 8+ Gen 1,8,2.52
510,Lenovo,Legion Y70 256GB,,2022,54999.0,549.0,4.22,12,128,0,5144,6.4,209.0,50,16,3,1080,2400,60,1,1,Qualcomm,Snapdragon 8+ Gen 1,8,2.28
511,Lenovo,Legion Y70 512GB,,2022,59999.0,599.0,3.36,16,128,0,5171,6.7,209.0,50,16,3,1080,2400,60,1,1,Qualcomm,Snapdragon 8+ Gen 1,8,2.27
512,lenovo,Lenovo Legion Pro 2,android,2020,59999.0,727.0,5.0,16,512,0,50088,6.5,,640,200,2,1080,2400,144,1,1,snapdragon,,8,2.84
513,lenovo,Lenovo Legion Y90,android,2017,46990.0,570.0,5.0,12,256,0,55990,6.5,,640,160,2,1080,2460,144,1,1,snapdragon,,8,3.0
514,Lenovo,Z5 Pro 64GB,,2018,21400.0,299.0,4.16,6,128,0,3310,6.7,210.0,16,16,3,1080,2400,60,1,1,Qualcomm,Snapdragon 710,8,2.71
515,Lenovo,Z6 Pro 128GB,,2019,39999.0,429.0,4.19,6,128,0,4007,6.5,185.0,48,32,3,1080,2400,60,1,1,Qualcomm,Snapdragon 855,8,2.29
516,Lenovo,Z6 Pro 256GB,,2019,44999.0,479.0,3.97,8,128,0,3936,6.1,185.0,48,32,3,1080,2400,60,1,1,Qualcomm,Snapdragon 855,8,2.55
517,letv,Letv Y1 Pro,android,2017,5499.0,67.0,4.33,4,32,0,39851,6.4,,80,50,2,720,1560,60,0,0,tiger,,4,2.0
518,letv,Letv Y1 Pro Plus,android,2018,5999.0,73.0,5.0,6,64,0,39915,6.1,,80,50,2,720,1560,60,0,1,tiger,,4,1.8
519,letv,Letv Y2 Pro,android,2022,6999.0,85.0,3.63,4,32,0,40028,6.7,,130,80,3,720,1560,60,0,0,unisoc,,8,2.74
520,lg,LG V60 ThinQ,,2018,79990.0,970.0,4.44,8,128,0,50134,6.4,,640,100,3,1080,2460,60,1,1,snapdragon,,8,2.84
521,lg,LG Velvet 5G,android,2022,54999.0,667.0,5.0,6,128,1,42915,6.5,,480,160,3,1080,2460,60,1,1,snapdragon,,8,2.4
522,lg,LG Wing 5G,,2020,54999.0,667.0,5.0,8,128,0,39855,6.5,,640,320,3,1080,2460,60,1,1,snapdragon,,8,2.4
523,lyf,Lyf Earth 1,android,2021,3990.0,48.0,5.0,3,32,1,34959,6.1,,130,50,2,1080,1920,60,0,0,snapdragon,,8,1.5
524,lyf,Lyf Earth 2,android,2024,3890.0,47.0,4.07,3,32,1,25060,6.5,,130,130,1,1080,1920,60,0,0,snapdragon,,8,1.5
525,micromax,Micromax IN 2B,android,2023,6999.0,85.0,5.0,4,64,1,50137,6.4,,130,50,2,720,1600,60,0,0,unisoc,,8,1.8
526,micromax,Micromax IN 2B (6GB RAM + 64GB),android,2018,7790.0,94.0,5.0,6,64,1,50030,6.5,,130,50,2,720,1600,60,0,0,unisoc,,8,1.8
527,micromax,Micromax IN 2C,android,2021,5999.0,73.0,5.0,3,32,1,49853,6.7,,80,50,1,720,1600,60,0,0,tiger,,8,1.8
528,Motorola,Edge 256GB,,2024,44999.0,450.0,4.05,8,128,0,4802,6.4,174.0,50,32,3,1080,2400,60,1,1,Qualcomm,Snapdragon 7s Gen 2,8,2.68
529,Motorola,Edge 30 Fusion 128GB,,2022,49999.0,699.0,4.3,8,128,0,4250,6.7,168.0,50,32,3,1080,2400,60,1,1,Qualcomm,Snapdragon 888+ 5G,8,1.79
530,Motorola,Edge 30 Fusion 256GB,,2022,54999.0,749.0,4.07,12,128,0,4376,6.1,168.0,50,32,3,1080,2400,60,1,1,Qualcomm,Snapdragon 888+ 5G,8,2.29
531,Motorola,Edge 30 Neo 128GB,,2022,34999.0,499.0,3.77,6,128,0,3927,6.8,155.0,64,32,3,1080,2400,60,1,1,Qualcomm,Snapdragon 695 5G,8,1.89
532,Motorola,Edge 30 Neo 256GB,,2022,39999.0,549.0,3.72,8,128,0,4030,6.5,155.0,64,32,3,1080,2400,60,1,1,Qualcomm,Snapdragon 695 5G,8,2.86
533,Motorola,Edge 50 256GB,,2024,44999.0,450.0,3.73,8,128,0,4659,6.7,180.0,50,32,3,1080,2400,60,1,1,Qualcomm,Snapdragon 7s Gen 2,8,1.93
534,Motorola,Edge 50 512GB,,2024,49999.0,500.0,4.03,12,128,0,4668,6.1,180.0,50,32,3,1080,2400,60,1,1,Qualcomm,Snapdragon 7s Gen 2,8,1.72
535,Motorola,Edge 50 Fusion 128GB,,2024,29999.0,499.0,4.38,8,128,0,4984,6.7,168.0,50,32,3,1080,2400,60,1,1,Qualcomm,Snapdragon 7 Gen 1,8,3.04
536,Motorola,Edge 50 Fusion 256GB,,2024,34999.0,549.0,3.89,12,128,0,4856,6.4,168.0,50,32,3,1080,2400,60,1,1,Qualcomm,Snapdragon 7 Gen 1,8,2.04
537,Motorola,Edge 50 Lite 128GB,,2024,27999.0,399.0,4.09,6,128,0,5079,6.1,170.0,64,32,3,1080,2400,60,1,1,Qualcomm,Snapdragon 695,8,2.86
538,Motorola,Edge 50 Lite 256GB,,2024,29999.0,449.0,4.08,8,128,0,5047,6.5,170.0,64,32,3,1080,2400,60,1,1,Qualcomm,Snapdragon 695,8,3.09
539,Motorola,Edge 50 Neo 256GB,,2024,39999.0,400.0,3.82,8,128,0,4173,6.5,171.0,50,32,3,1080,2400,60,1,1,MediaTek,MediaTek Dimensity 7300,8,2.86
540,Motorola,Edge 50 Neo 512GB,,2024,44999.0,450.0,3.63,12,128,0,4398,6.1,171.0,50,32,3,1080,2400,60,1,1,MediaTek,MediaTek Dimensity 7300,8,1.66
541,Motorola,Edge 50 Pro 128GB,,2024,34999.0,549.0,3.59,8,128,0,4546,6.1,186.0,50,50,3,1080,2400,60,1,1,Qualcomm,Snapdragon 7 Gen 3,8,2.66
542,Motorola,Edge 50 Pro 256GB,,2024,39999.0,599.0,3.72,12,128,0,4384,6.5,186.0,50,50,3,1080,2400,60,1,1,Qualcomm,Snapdragon 7 Gen 3,8,2.66
543,Motorola,Edge 50 Ultra 512GB,,2024,119999.0,1499.0,3.77,12,128,0,4963,6.7,198.0,200,60,3,1080,2400,60,1,1,Qualcomm,Snapdragon 8 Gen 3,8,1.82
544,Motorola,Edge 512GB,,2024,49999.0,500.0,4.02,12,128,0,4615,6.1,174.0,50,32,3,1080,2400,60,1,1,Qualcomm,Snapdragon 7s Gen 2,8,2.28
545,Motorola,G84 5G 128GB,,2023,19999.0,299.0,4.4,8,128,0,5037,6.8,166.0,50,16,3,1080,2400,60,1,1,Qualcomm,Snapdragon 695,8,2.49
546,Motorola,G84 5G 256GB,,2023,22999.0,349.0,3.6,12,128,0,5089,6.5,166.0,50,16,3,1080,2400,60,1,1,Qualcomm,Snapdragon 695,8,2.52
547,Motorola,Moto E14 128GB,,2024,13999.0,180.0,3.3,4,128,0,5088,6.1,180.0,13,8,3,1080,2400,60,1,1,Unknown,Unisoc T606,8,1.89
548,Motorola,Moto E14 64GB,,2024,11999.0,150.0,4.5,4,128,0,4960,6.5,180.0,13,8,3,1080,2400,60,1,1,Unknown,Unisoc T606,8,2.0
549,Motorola,Moto E22 64GB,,2022,10999.0,199.0,4.03,4,128,0,4053,6.1,169.0,16,5,3,1080,2400,60,1,1,MediaTek,MediaTek Helio G37,8,2.56
550,Motorola,Moto E22i 32GB,,2022,9999.0,179.0,4.18,2,128,0,4040,6.1,169.0,16,5,3,1080,2400,60,1,1,MediaTek,MediaTek Helio G37,8,2.66
551,Motorola,Moto E32s 64GB,,2022,11999.0,199.0,4.16,3,128,0,4965,6.1,185.0,16,8,3,1080,2400,60,1,1,MediaTek,MediaTek Helio G37,8,3.03
552,Motorola,Moto E40 Plus 128GB,,2023,13999.0,229.0,3.6,6,128,0,4895,6.1,198.0,48,8,3,1080,2400,60,1,1,Unknown,Unisoc T700,8,2.64
553,Motorola,Moto E40 Plus 64GB,,2023,11999.0,199.0,4.22,4,128,0,4913,6.7,198.0,48,8,3,1080,2400,60,1,1,Unknown,Unisoc T700,8,2.62
554,Motorola,Moto G Play 32GB,,2022,9999.0,149.0,3.91,3,128,0,5090,6.5,203.0,13,5,3,1080,2400,60,1,1,MediaTek,MediaTek Helio G25,8,1.62
555,Motorola,Moto G Play 64GB,,2022,11999.0,179.0,4.28,4,128,0,4962,6.5,203.0,13,5,3,1080,2400,60,1,1,MediaTek,MediaTek Helio G25,8,2.98
556,Motorola,Moto G Power 128GB,,2022,19999.0,279.0,4.29,6,128,0,5035,6.1,206.0,50,16,3,1080,2400,60,1,1,Qualcomm,Snapdragon 662,8,2.38
557,Motorola,Moto G Power 64GB,,2022,17999.0,249.0,3.93,4,128,0,4859,6.5,206.0,50,16,3,1080,2400,60,1,1,Qualcomm,Snapdragon 662,8,2.62
558,Motorola,Moto G Stylus 128GB,,2023,24999.0,249.0,3.13,6,128,0,5041,6.7,195.0,50,16,3,1080,2400,60,1,1,MediaTek,MediaTek Helio G88,8,1.62
559,Motorola,Moto G Stylus 5G 256GB,,2024,26999.0,300.0,3.98,6,128,0,5000,6.7,195.0,50,16,3,1080,2400,60,1,1,Qualcomm,Snapdragon 6 Gen 1,8,2.92
560,Motorola,Moto G Stylus 5G 512GB,,2024,29999.0,350.0,4.0,8,128,0,4865,6.1,195.0,50,16,3,1080,2400,60,1,1,Qualcomm,Snapdragon 6 Gen 1,8,2.93
561,Motorola,Moto G Stylus 64GB,,2023,21999.0,199.0,3.31,4,128,0,5146,6.1,195.0,50,16,3,1080,2400,60,1,1,MediaTek,MediaTek Helio G88,8,2.45
562,Motorola,Moto G22 64GB,,2022,12999.0,249.0,4.04,4,128,0,4939,6.7,185.0,50,16,3,1080,2400,60,1,1,MediaTek,MediaTek Helio G37,8,2.48
563,Motorola,Moto G32 128GB,,2022,14999.0,279.0,3.75,4,128,0,4946,6.7,184.0,50,16,3,1080,2400,60,1,1,Qualcomm,Snapdragon 680 4G,8,3.08
564,Motorola,Moto G35 128GB,,2024,18999.0,200.0,4.09,4,128,0,5082,6.8,188.0,50,16,3,1080,2400,60,1,1,Unknown,Unisoc T760,8,2.49
565,Motorola,Moto G35 256GB,,2024,22999.0,250.0,4.96,8,128,0,4990,6.1,188.0,50,16,3,1080,2400,60,1,1,Unknown,Unisoc T760,8,2.79
566,Motorola,Moto G42 128GB,,2022,16999.0,299.0,4.41,4,128,0,5012,6.8,175.0,50,16,3,1080,2400,60,1,1,Qualcomm,Snapdragon 680 4G,8,2.42
567,Motorola,Moto G45 128GB,,2024,22999.0,250.0,4.38,6,128,0,4900,6.5,183.0,50,16,3,1080,2400,60,1,1,Qualcomm,Snapdragon 6s Gen 3,8,2.84
568,Motorola,Moto G45 256GB,,2024,26999.0,300.0,3.46,8,128,0,5063,6.8,183.0,50,16,3,1080,2400,60,1,1,Qualcomm,Snapdragon 6s Gen 3,8,2.29
569,Motorola,Moto G55 128GB,,2024,26999.0,270.0,3.85,8,128,0,4992,6.7,182.0,50,16,3,1080,2400,60,1,1,MediaTek,MediaTek Dimensity 7025,8,3.0
570,Motorola,Moto G55 256GB,,2024,29999.0,320.0,3.7,8,128,0,5093,6.5,182.0,50,16,3,1080,2400,60,1,1,MediaTek,MediaTek Dimensity 7025,8,2.37
571,Motorola,Moto G62 5G 128GB,,2022,19999.0,349.0,4.9,4,128,0,5039,6.1,184.0,50,16,3,1080,2400,60,1,1,Qualcomm,Snapdragon 480+ 5G,8,2.14
572,Motorola,Moto G62 5G 256GB,,2022,24999.0,399.0,4.01,6,128,0,5126,6.1,184.0,50,16,3,1080,2400,60,1,1,Qualcomm,Snapdragon 480+ 5G,8,1.91
573,Motorola,Moto G75 5G 128GB,,2024,34999.0,320.0,4.41,8,128,0,5015,6.8,205.0,50,16,3,1080,2400,60,1,1,Qualcomm,Snapdragon 6 Gen 3,8,2.01
574,Motorola,Moto G75 5G 256GB,,2024,39999.0,370.0,3.93,8,128,0,5111,6.8,205.0,50,16,3,1080,2400,60,1,1,Qualcomm,Snapdragon 6 Gen 3,8,2.84
575,Motorola,Moto G82 5G 128GB,,2022,24999.0,399.0,4.15,6,128,0,5111,6.4,173.0,50,16,3,1080,2400,60,1,1,Qualcomm,Snapdragon 695 5G,8,2.66
576,Motorola,Moto G82 5G 256GB,,2022,29999.0,449.0,3.74,8,128,0,5057,6.5,173.0,50,16,3,1080,2400,60,1,1,Qualcomm,Snapdragon 695 5G,8,2.73
577,Motorola,Moto G85 128GB,,2024,29999.0,320.0,3.89,8,128,0,4892,6.5,173.0,50,32,3,1080,2400,60,1,1,Qualcomm,Snapdragon 6s Gen 3,8,2.24
578,Motorola,Moto G85 256GB,,2024,34999.0,370.0,3.95,12,128,0,5054,6.5,173.0,50,32,3,1080,2400,60,1,1,Qualcomm,Snapdragon 6s Gen 3,8,2.82
579,Motorola,Moto S50 128GB,,2024,29999.0,300.0,4.47,8,128,0,4523,6.1,190.0,64,32,3,1080,2400,60,1,1,MediaTek,MediaTek Dimensity 8100,8,2.36
580,Motorola,Moto S50 256GB,,2024,34999.0,350.0,4.11,12,128,0,4486,6.5,190.0,64,32,3,1080,2400,60,1,1,MediaTek,MediaTek Dimensity 8100,8,1.95
581,Motorola,Moto X50 Ultra 512GB,,2024,119999.0,1499.0,3.74,12,128,0,4871,6.7,198.0,200,60,3,1080,2400,60,1,1,Qualcomm,Snapdragon 8 Gen 3,8,2.69
582,motorola,Motorola Edge 20 Fusion 5G,android,2016,18999.0,230.0,5.0,6,128,1,50016,6.8,,1080,320,3,1080,2400,90,1,1,dimensity,,8,2.4
583,motorola,Motorola Edge 30 5G,android,2016,22999.0,279.0,5.0,6,128,0,40073,6.7,,500,320,3,1080,2400,144,1,1,snapdragon,,8,2.5
584,motorola,Motorola Edge 30 5G (8GB RAM + 128GB),android,2022,24999.0,303.0,5.0,8,128,0,40108,6.8,,500,320,3,1080,2400,144,1,1,snapdragon,,8,2.5
585,motorola,Motorola Edge 30 Fusion 5G,android,2023,39999.0,485.0,5.0,8,128,0,44074,6.5,,500,320,3,1080,2400,144,1,1,snapdragon,,8,2.9
586,motorola,Motorola Edge 30 Pro 5G,android,2022,34999.0,424.0,5.0,8,128,0,48010,6.5,,500,600,3,1080,2400,144,1,1,snapdragon,,8,3.0
587,motorola,Motorola Edge 30 Ultra,android,2024,54999.0,667.0,3.53,8,128,0,46153,6.1,,2000,600,3,1080,2400,144,1,1,snapdragon,,8,3.2
588,motorola,Motorola Edge 30 Ultra (12GB RAM + 256GB),android,2024,59999.0,727.0,3.87,12,256,0,46243,6.7,,2000,600,3,1080,2400,144,1,1,snapdragon,,8,3.2
589,motorola,Motorola Edge 40 5G,android,2022,34999.0,424.0,5.0,8,128,0,41942,6.8,,500,320,3,1080,2412,144,1,1,snapdragon,,8,2.36
590,motorola,Motorola Edge 40 Fusion,android,2021,42990.0,521.0,5.0,8,128,0,44984,6.4,,500,320,3,1080,2400,144,1,1,snapdragon,,8,3.2
591,motorola,Motorola Edge 40 Pro 5G,android,2016,59990.0,727.0,5.0,8,128,0,48036,6.5,,500,600,3,1080,2460,165,1,1,snapdragon,,8,3.2
592,motorola,Motorola Edge Plus,android,2021,57999.0,703.0,5.0,12,256,0,49960,6.7,,1080,250,3,1080,2340,90,1,1,snapdragon,,8,2.84
593,motorola,Motorola Edge S,android,2018,22490.0,273.0,5.0,6,128,1,50007,6.5,,640,160,4,1080,2520,90,1,1,snapdragon,,8,3.2
594,motorola,Motorola Moto E13,android,2021,10499.0,127.0,5.0,2,64,1,49963,6.1,,130,50,1,720,1600,60,0,1,tiger,,8,2.0
595,motorola,Motorola Moto E22s,android,2016,9022.0,109.0,5.0,4,64,1,50146,6.4,,160,80,2,720,1600,90,0,1,helio,,8,2.3
596,motorola,Motorola Moto E32,android,2024,8999.0,109.0,5.0,4,64,1,49942,6.8,,500,80,2,720,1600,90,0,1,helio,,8,2.3
597,motorola,Motorola Moto E32s,android,2020,7990.0,97.0,5.0,3,32,1,50008,6.7,,160,80,3,720,1600,90,0,1,helio,,8,1.8
598,motorola,Motorola Moto E32s (4GB RAM + 64GB),android,2018,8859.0,107.0,5.0,4,64,1,49941,6.7,,160,80,3,720,1600,90,0,1,helio,,8,1.8
599,motorola,Motorola Moto E40,android,2019,7999.0,97.0,5.0,4,64,1,50057,6.4,,480,80,3,720,1600,90,0,0,tiger,,8,1.8
600,motorola,Motorola Moto Edge 30 Neo,android,2016,31990.0,388.0,5.0,8,128,0,40162,6.5,,640,320,2,1080,2400,120,1,1,snapdragon,,8,2.2
601,motorola,Motorola Moto Edge S30 5G,android,2017,23990.0,291.0,5.0,6,128,0,50085,6.4,,1080,160,3,1080,2460,144,1,1,snapdragon,,8,2.9
602,motorola,Motorola Moto Edge S30 Pro,android,2025,34990.0,424.0,5.0,8,128,0,50029,6.4,,640,160,3,1080,2460,120,1,1,snapdragon,,8,3.0
603,motorola,Motorola Moto Edge X30 Pro,android,2020,59990.0,727.0,4.08,8,128,0,44499,6.7,,2000,600,3,1080,2340,144,1,1,snapdragon,,8,3.2
604,motorola,Motorola Moto G 5G,android,2023,19990.0,242.0,5.0,6,128,1,50000,6.7,,480,160,3,1080,2400,60,1,1,snapdragon,,8,2.2
605,motorola,Motorola Moto G13,android,2016,15999.0,194.0,5.0,4,128,1,50059,6.8,,500,80,3,720,1600,90,0,1,helio,,8,2.0
606,motorola,Motorola Moto G22,android,2022,9499.0,115.0,5.0,4,64,1,50064,6.5,,500,160,4,720,1600,90,0,1,helio,,8,2.3
607,motorola,Motorola Moto G23,android,2023,19999.0,242.0,5.0,4,128,1,49930,6.1,,500,160,3,720,1600,90,0,1,helio,,8,2.0
608,motorola,Motorola Moto G31,android,2024,9999.0,121.0,5.0,4,64,1,50039,6.8,,500,130,3,1080,2400,60,0,1,helio,,8,2.0
609,motorola,Motorola Moto G31 (6GB RAM+ 128GB),android,2023,11999.0,145.0,5.0,6,128,1,50147,6.8,,500,130,3,1080,2400,60,0,1,helio,,8,2.0
610,motorola,Motorola Moto G32,android,2019,10499.0,127.0,5.0,4,64,1,49939,6.7,,500,160,3,1080,2400,90,0,1,snapdragon,,8,2.4
611,motorola,Motorola Moto G40 Fusion,android,2024,14499.0,176.0,5.0,4,64,1,59870,6.8,,640,160,3,1080,2460,120,0,1,snapdragon,,8,2.3
612,motorola,Motorola Moto G42,android,2024,10999.0,133.0,5.0,4,64,1,50060,6.5,,500,160,3,1080,2400,60,0,1,snapdragon,,8,2.4
613,motorola,Motorola Moto G51 5G,android,2018,12999.0,158.0,5.0,4,64,1,50144,6.5,,500,130,3,1080,2400,120,1,0,snapdragon,,8,2.2
614,motorola,Motorola Moto G52,android,2016,11999.0,145.0,5.0,4,64,1,50010,6.1,,500,160,3,2460,1080,90,0,1,snapdragon,,8,2.4
615,motorola,Motorola Moto G52 (6GB RAM + 128GB),android,2024,12999.0,158.0,5.0,6,128,1,49897,6.1,,500,160,3,2460,1080,90,0,1,snapdragon,,8,2.4
616,motorola,Motorola Moto G52 5G,android,2025,16999.0,206.0,5.0,4,64,1,49988,6.1,,500,160,3,2460,1080,90,1,1,snapdragon,,8,2.2
617,motorola,Motorola Moto G53,android,2024,21999.0,267.0,5.0,4,128,1,49993,6.1,,500,160,2,720,1600,120,1,1,snapdragon,,8,2.2
618,motorola,Motorola Moto G60,android,2022,15999.0,194.0,5.0,6,128,1,60015,6.7,,1080,320,3,1080,2460,120,0,1,snapdragon,,8,2.3
619,motorola,Motorola Moto G62 (8GB RAM + 128GB),android,2020,16499.0,200.0,5.0,8,128,1,49898,6.1,,500,160,3,1080,2400,120,1,1,snapdragon,,8,2.2
620,motorola,Motorola Moto G62 5G,android,2020,14999.0,182.0,5.0,6,128,1,49880,6.4,,500,160,3,1080,2400,120,1,1,snapdragon,,8,2.2
621,motorola,Motorola Moto G71 5G,android,2022,16999.0,206.0,5.0,6,128,0,49946,6.5,,500,160,3,1080,2400,60,1,1,snapdragon,,8,2.2
622,motorola,Motorola Moto G72,android,2025,19990.0,242.0,5.0,6,128,0,49894,6.1,,1080,160,3,1080,2400,120,1,1,snapdragon,,8,2.2
623,motorola,Motorola Moto G72 4G,android,2023,15999.0,194.0,5.0,6,128,1,49936,6.1,,1080,160,3,1080,2400,120,0,1,helio,,8,2.2
624,motorola,Motorola Moto G73,android,2017,25999.0,315.0,5.0,8,256,1,50139,6.7,,500,160,2,1080,2400,120,1,1,dimensity,,8,2.2
625,motorola,Motorola Moto G82 (8GB RAM + 128GB),android,2020,20499.0,248.0,5.0,8,128,1,50137,6.7,,500,160,3,1080,2400,120,1,1,snapdragon,,8,2.2
626,motorola,Motorola Moto G82 5G,android,2024,18999.0,230.0,5.0,6,128,1,50144,6.1,,500,160,3,1080,2400,120,1,1,snapdragon,,8,2.2
627,motorola,Motorola Moto G91 5G,android,2022,19990.0,242.0,5.0,6,128,1,49942,6.5,,1080,320,3,1080,2400,60,1,1,snapdragon,,8,2.2
628,motorola,Motorola Moto S30 Pro,android,2024,23990.0,291.0,5.0,8,128,0,44044,6.5,,500,320,3,1080,2460,144,1,1,snapdragon,,8,2.9
629,motorola,Motorola Moto X30 Pro,android,2025,41990.0,509.0,3.93,8,128,0,44521,6.7,,2000,600,3,1080,2400,144,1,1,snapdragon,,8,3.2
630,motorola,Motorola Moto X40,android,2021,39999.0,485.0,5.0,8,128,0,46133,6.8,,500,600,3,1080,2400,165,1,1,snapdragon,,8,3.2
631,motorola,Motorola One Fusion Plus,android,2020,19499.0,236.0,5.0,6,128,1,49909,6.8,,640,160,4,1080,2340,60,0,1,snapdragon,,8,2.2
632,motorola,Motorola One Macro,android,2025,11490.0,139.0,5.0,4,64,1,39949,6.7,,130,80,3,720,1520,60,0,1,helio,,8,2.0
633,motorola,Motorola ThinkPhone,android,2019,49990.0,606.0,5.0,8,128,0,50025,6.1,,500,320,3,1080,2400,144,1,1,snapdragon,,8,3.2
634,Motorola,One Vision 3 128GB,,2024,19999.0,299.0,4.15,6,128,0,3436,6.8,180.0,48,25,3,1080,2400,60,1,1,Samsung Exynos,Exynos 9609,8,2.55
635,Motorola,One Vision 3 256GB,,2024,22999.0,349.0,4.2,8,128,0,3558,6.7,180.0,48,25,3,1080,2400,60,1,1,Samsung Exynos,Exynos 9609,8,1.71
636,Motorola,Razr 128GB,,2023,59999.0,999.0,4.59,8,128,0,3565,6.5,192.0,50,32,3,1080,2400,60,1,1,Qualcomm,Snapdragon 8+ Gen 1,8,2.37
637,Motorola,Razr 256GB,,2023,64999.0,1099.0,3.84,12,128,0,3609,6.5,192.0,50,32,3,1080,2400,60,1,1,Qualcomm,Snapdragon 8+ Gen 1,8,2.1
638,Motorola,Razr 50 256GB,,2024,79999.0,999.0,4.41,8,128,0,3865,6.4,188.0,50,32,3,1080,2400,60,1,1,Qualcomm,Snapdragon 7 Gen 1,8,2.33
639,Motorola,Razr 50 Ultra 512GB,,2024,99999.0,1199.0,4.17,12,128,0,3905,6.1,189.0,50,32,3,1080,2400,60,1,1,Qualcomm,Snapdragon 8+ Gen 1,8,1.75
640,Motorola,S50 Neo 256GB,,2024,26999.0,300.0,3.93,8,128,0,4282,6.7,170.0,50,32,3,1080,2400,60,1,1,MediaTek,MediaTek Dimensity 7200,8,2.4
641,Motorola,S50 Neo 512GB,,2024,29999.0,350.0,3.91,12,128,0,4238,6.7,170.0,50,32,3,1080,2400,60,1,1,MediaTek,MediaTek Dimensity 7200,8,1.78
642,Nokia,C22 128GB,,2023,9499.0,139.0,4.48,3,128,0,5098,6.4,190.0,13,8,3,1080,2400,60,1,1,Unknown,Unisoc SC9863A,8,2.82
643,Nokia,C22 64GB,,2023,8499.0,119.0,3.95,2,128,0,4990,6.5,190.0,13,8,3,1080,2400,60,1,1,Unknown,Unisoc SC9863A,8,2.29
644,Nokia,C32 128GB,,2023,10999.0,159.0,4.2,4,128,0,5142,6.5,199.0,50,8,3,1080,2400,60,1,1,Unknown,Unisoc SC9863A,8,2.61
645,Nokia,C32 64GB,,2023,9999.0,139.0,3.91,3,128,0,5008,6.1,199.0,50,8,3,1080,2400,60,1,1,Unknown,Unisoc SC9863A,8,1.7
646,Nokia,G20 128GB,,2021,13999.0,189.0,4.31,4,128,0,5037,6.7,197.0,48,8,3,1080,2400,60,1,1,MediaTek,MediaTek G35,8,2.93
647,Nokia,G20 64GB,,2021,12499.0,169.0,4.86,4,128,0,5116,6.8,197.0,48,8,3,1080,2400,60,1,1,MediaTek,MediaTek G35,8,1.96
648,Nokia,G21 128GB,,2022,13999.0,189.0,4.45,6,128,0,4989,6.1,190.0,50,8,3,1080,2400,60,1,1,Unknown,Unisoc T606,8,2.78
649,Nokia,G21 64GB,,2022,11999.0,169.0,3.65,4,128,0,5078,6.1,190.0,50,8,3,1080,2400,60,1,1,Unknown,Unisoc T606,8,2.58
650,Nokia,G400 128GB,,2022,22999.0,239.0,4.1,6,128,0,5107,6.1,198.0,48,16,3,1080,2400,60,1,1,Qualcomm,Snapdragon 480,8,2.63
651,Nokia,G42 5G 128GB,,2023,18999.0,229.0,3.98,4,128,0,5043,6.8,193.0,50,8,3,1080,2400,60,1,1,Qualcomm,Snapdragon 480+,8,1.87
652,nokia,Nokia C01 Plus,android,2016,5249.0,64.0,3.97,2,16,1,29877,6.5,,50,50,1,720,1440,60,0,0,unisoc,,8,1.6
653,nokia,Nokia C21 Plus (4GB RAM + 64GB),android,2023,8999.0,109.0,5.0,4,64,1,50623,6.8,,130,50,2,720,1600,60,0,0,unisoc,,8,1.6
654,nokia,Nokia C31,android,2019,9499.0,115.0,5.0,3,32,1,50538,6.5,,130,50,3,720,1600,60,0,1,unisoc,,8,1.6
655,nokia,Nokia G11 Plus,android,2019,10499.0,127.0,5.0,4,64,1,50115,6.5,,500,80,2,720,1600,90,0,1,unisoc,,8,1.6
656,nokia,Nokia G21,android,2024,11999.0,145.0,5.0,4,64,1,50364,6.4,,500,80,3,720,1600,90,0,1,unisoc,,8,1.6
657,nokia,Nokia G21 (6GB RAM + 128GB),android,2018,13499.0,164.0,5.0,6,128,1,50557,6.1,,500,80,3,720,1600,90,0,1,unisoc,,8,1.6
658,nokia,Nokia G60,android,2022,28498.0,345.0,5.0,6,128,1,45046,6.7,,500,80,3,1080,2400,120,1,1,snapdragon,,8,2.2
659,nokia,Nokia N73 5G,android,2018,46999.0,570.0,3.49,12,256,1,60079,6.4,,2000,320,1,1400,3200,120,1,1,snapdragon,,8,3.0
660,nokia,Nokia X100 5G,android,2018,17990.0,218.0,5.0,6,128,1,44742,6.7,,480,160,4,1080,2400,60,1,1,snapdragon,,8,2.0
661,nokia,Nokia X30,android,2018,41990.0,509.0,5.0,6,128,1,41881,6.1,,500,160,2,1080,2400,90,1,1,snapdragon,,8,2.2
662,nokia,Nokia X50 5G,android,2025,34999.0,424.0,5.0,6,64,1,60118,6.1,,1080,320,4,1080,2400,60,1,1,snapdragon,,8,2.09
663,nokia,Nokia X60 5G,other,2016,39990.0,485.0,5.0,6,128,1,60122,6.8,,2000,160,4,1080,2400,144,1,1,snapdragon,,8,3.2
664,nokia,Nokia X60 Pro 5G,android,2020,49990.0,606.0,3.69,8,128,1,59996,6.7,,2000,320,4,1080,2408,144,1,1,snapdragon,,8,3.2
665,Nokia,T21,,2022,17999.0,39622.0,3.94,4,128,0,8223,6.8,466.0,8,8,3,1080,2400,60,1,1,Unknown,Unisoc T612,8,2.23
666,nothing,Nothing Phone 1,android,2020,26749.0,324.0,5.0,8,128,0,45098,6.4,,500,160,2,1080,2400,120,1,1,snapdragon,,8,2.5
667,nothing,Nothing Phone 1 (12GB RAM + 256GB),android,2022,35999.0,436.0,5.0,12,256,0,45011,6.1,,500,160,2,1080,2400,120,1,1,snapdragon,,8,2.5
668,nothing,Nothing Phone 1 (8GB RAM + 256GB),android,2021,28249.0,342.0,5.0,8,256,0,45088,6.8,,500,160,2,1080,2400,120,1,1,snapdragon,,8,2.5
669,nothing,Nothing Phone 1 Lite,android,2018,24990.0,303.0,5.0,6,128,0,49975,6.1,,500,160,2,1080,2400,120,1,1,snapdragon,,8,2.5
670,nothing,Nothing Phone 2,android,2019,39990.0,485.0,5.0,8,128,0,46863,6.4,,500,320,3,1080,2400,120,1,1,snapdragon,,8,3.2
671,nubia,Nubia Red Magic 6S 5G,android,2024,44999.0,545.0,5.0,8,128,0,50493,6.4,,640,80,3,1080,2400,165,1,1,snapdragon,,8,2.9
672,nubia,Nubia Red Magic 7S Pro,android,2023,60990.0,739.0,5.0,12,256,0,49886,6.1,,640,80,3,1080,2400,120,1,1,snapdragon,,8,3.2
673,nubia,Nubia Red Magic 8 Pro 5G,android,2023,46990.0,570.0,5.0,8,128,0,60037,6.7,,500,160,3,1116,2480,120,1,1,snapdragon,,8,3.2
674,nubia,Nubia Red Magic 8 Pro Plus,android,2017,60999.0,739.0,5.0,12,256,0,49891,6.4,,500,160,3,1116,2480,120,1,1,snapdragon,,8,3.2
675,nubia,Nubia Z40 Pro 5G,android,2022,49990.0,606.0,5.0,8,128,0,50104,6.8,,640,160,3,1080,2400,144,1,1,snapdragon,,8,3.0
676,nubia,Nubia Z50,android,2023,34999.0,424.0,5.0,8,128,0,50030,6.8,,640,160,3,1080,2400,144,1,1,snapdragon,,8,3.2
677,OnePlus,OnePlus 10 Pro 256GB,,2022,64999.0,899.0,4.09,12,128,0,4908,6.7,200.0,5048,32,3,1080,2400,60,1,1,Qualcomm,Snapdragon 8 Gen 1,8,2.99
678,oneplus,OnePlus 10 Pro 5G,android,2021,60999.0,739.0,5.0,8,128,0,50043,6.7,,500,320,3,1440,3216,120,1,1,snapdragon,,8,3.0
679,oneplus,OnePlus 10 Pro 5G (12GB RAM + 256GB),android,2021,65499.0,794.0,4.32,12,256,0,49883,6.5,,500,320,3,1440,3216,120,1,1,snapdragon,,8,3.0
680,oneplus,OnePlus 10 Pro 5G (12GB RAM + 512GB),android,2021,74999.0,909.0,4.65,12,512,0,50125,6.7,,500,320,3,1440,3216,120,1,1,snapdragon,,8,3.0
681,OnePlus,OnePlus 10R 128GB,,2022,49999.0,599.0,4.21,8,128,0,4602,6.5,205.0,5016,16,3,1080,2400,60,1,1,MediaTek,MediaTek Dimensity 8100,8,2.94
682,oneplus,OnePlus 10R 5G,android,2020,32999.0,400.0,5.0,8,128,0,50121,6.4,,500,160,3,1080,2412,120,1,1,dimensity,,8,2.85
683,oneplus,OnePlus 10R 5G (12GB RAM + 256GB),android,2022,36999.0,448.0,5.0,12,256,0,50038,6.7,,500,160,3,1080,2412,120,1,1,dimensity,,8,2.85
684,oneplus,OnePlus 10R Prime Edition,android,2019,35389.0,429.0,5.0,8,128,0,49980,6.7,,500,160,3,1080,2412,120,1,1,dimensity,,8,2.85
685,oneplus,OnePlus 10T,android,2017,44999.0,545.0,5.0,8,128,0,48067,6.4,,500,160,3,1080,2412,120,1,1,snapdragon,,8,3.2
686,oneplus,OnePlus 10T (12GB RAM + 256GB),android,2020,50999.0,618.0,5.0,12,256,0,47857,6.5,,500,160,3,1080,2412,120,1,1,snapdragon,,8,3.2
687,oneplus,OnePlus 10T (16GB RAM + 256GB),android,2022,55999.0,679.0,5.0,16,256,0,47881,6.8,,500,160,3,1080,2412,120,1,1,snapdragon,,8,3.2
688,OnePlus,OnePlus 10T 256GB,,2022,54999.0,749.0,4.23,12,128,0,4574,6.4,203.0,508,16,3,1080,2400,60,1,1,Qualcomm,Snapdragon 8+ Gen 1,8,2.79
689,OnePlus,OnePlus 10T 5G 256GB,,2022,54999.0,749.0,3.96,12,128,0,4366,6.5,203.0,508,16,3,1080,2400,60,1,1,Qualcomm,Snapdragon 8+ Gen 1,8,1.8
690,OnePlus,OnePlus 11 256GB,,2023,54999.0,699.0,3.86,12,128,0,4937,6.5,205.0,5048,16,3,1080,2400,60,1,1,Qualcomm,Snapdragon 8 Gen 1,8,2.02
691,oneplus,OnePlus 11 5G,android,2022,54999.0,667.0,5.0,12,256,0,49913,6.5,,500,160,3,1440,3216,120,1,1,snapdragon,,8,3.2
692,oneplus,OnePlus 11 Pro,android,2017,69999.0,848.0,4.19,8,128,0,44893,6.5,,500,160,3,1440,3216,120,1,1,snapdragon,,8,3.2
693,OnePlus,OnePlus 11 Pro 256GB,,2023,74999.0,899.0,3.69,16,128,0,4885,6.5,204.0,5048,32,3,1080,2400,60,1,1,Qualcomm,Snapdragon 8 Gen 2,8,1.95
694,oneplus,OnePlus 11R,android,2020,39999.0,485.0,5.0,8,128,0,50027,6.5,,500,160,3,1080,2412,120,1,1,snapdragon,,8,3.2
695,OnePlus,OnePlus 11R 256GB,,2023,44999.0,599.0,3.84,12,128,0,5046,6.1,202.0,508,16,3,1080,2400,60,1,1,Qualcomm,Snapdragon 8 Gen 1,8,2.65
696,OnePlus,OnePlus 11T 128GB,,2023,74999.0,799.0,3.77,12,128,0,4979,6.7,202.0,5048,32,3,1080,2400,60,1,1,Qualcomm,Snapdragon 8 Gen 2,8,2.53
697,OnePlus,OnePlus 12 256GB,,2024,74999.0,799.0,4.03,12,128,0,4964,6.4,205.0,5048,32,3,1080,2400,60,1,1,Qualcomm,Snapdragon 8 Gen 3,8,2.22
698,oneplus,OnePlus 12 Pro,android,2018,69999.0,848.0,4.35,12,256,0,47907,6.1,,1080,320,3,1440,3412,144,1,1,snapdragon,,8,3.2
699,OnePlus,OnePlus 12R 256GB,,2024,49999.0,699.0,4.2,12,128,0,4467,6.8,203.0,508,16,3,1080,2400,60,1,1,Qualcomm,Snapdragon 8 Gen 2,8,2.03
700,OnePlus,OnePlus 12T 5G 256GB,,2023,74999.0,849.0,4.6,12,128,0,5093,6.5,200.0,508,16,3,1080,2400,60,1,1,Qualcomm,Snapdragon 8 Gen 2,8,1.61
701,OnePlus,OnePlus 13 Pro 256GB,,2023,74999.0,899.0,3.58,12,128,0,4857,6.4,215.0,5048,32,3,1080,2400,60,1,1,Qualcomm,Snapdragon 8 Gen 2,8,1.63
702,OnePlus,OnePlus 13R 128GB,,2023,74999.0,849.0,3.37,8,128,0,4536,6.1,210.0,508,16,3,1080,2400,60,1,1,Qualcomm,Snapdragon 8 Gen 2,8,2.48
703,OnePlus,OnePlus 14+ 128GB,,2023,69999.0,799.0,3.43,8,128,0,4751,6.1,202.0,648,16,3,1080,2400,60,1,1,Qualcomm,Snapdragon 8 Gen 2,8,2.78
704,OnePlus,OnePlus 15R 128GB,,2023,74999.0,849.0,4.31,12,128,0,4892,6.1,210.0,508,32,3,1080,2400,60,1,1,Qualcomm,Snapdragon 8 Gen 3,8,2.68
705,OnePlus,OnePlus 5 Special Edition 128GB,,2017,36999.0,599.0,3.73,8,128,0,3290,6.8,155.0,2016,16,3,1080,2400,60,1,1,Qualcomm,Snapdragon 835,8,2.68
706,OnePlus,OnePlus 5T Star Wars Edition 128GB,,2017,34999.0,649.0,4.12,6,128,0,3201,6.8,162.0,1620,16,3,1080,2400,60,1,1,Qualcomm,Snapdragon 835,8,2.69
707,oneplus,OnePlus 6 (8GB RAM + 128GB),android,2022,27999.0,339.0,5.0,8,128,0,32858,6.5,,200,160,2,1080,2280,60,0,0,snapdragon,,8,2.8
708,OnePlus,OnePlus 6 Special Edition 128GB,,2018,37999.0,599.0,3.7,6,128,0,3368,6.1,177.0,2016,16,3,1080,2400,60,1,1,Qualcomm,Snapdragon 845,8,1.82
709,OnePlus,OnePlus 6T McLaren Edition 256GB,,2018,50999.0,799.0,4.24,10,128,0,3656,6.5,185.0,2016,16,3,1080,2400,60,1,1,Qualcomm,Snapdragon 845,8,2.81
710,OnePlus,OnePlus 7 Pro 5G 256GB,,2019,59999.0,799.0,4.51,12,128,0,4074,6.1,206.0,488,16,3,1080,2400,60,1,1,Qualcomm,Snapdragon 855,8,1.63
711,OnePlus,OnePlus 7R 128GB,,2020,38999.0,599.0,4.36,6,128,0,3685,6.1,190.0,485,16,3,1080,2400,60,1,1,Qualcomm,Snapdragon 855,8,2.26
712,OnePlus,OnePlus 7T Pro 5G McLaren Edition 256GB,,2019,69999.0,899.0,4.2,12,128,0,4199,6.4,206.0,488,16,3,1080,2400,60,1,1,Qualcomm,Snapdragon 855,8,2.4
713,OnePlus,OnePlus 8 128GB,,2020,41999.0,699.0,4.15,8,128,0,4401,6.1,180.0,4816,16,3,1080,2400,60,1,1,Qualcomm,Snapdragon 865,8,1.74
714,OnePlus,OnePlus 8 Pro 256GB,,2020,54999.0,749.0,3.93,12,128,0,4571,6.7,199.0,4848,16,3,1080,2400,60,1,1,Qualcomm,Snapdragon 865,8,2.1
715,OnePlus,OnePlus 8 Pro McLaren Edition 256GB,,2020,59999.0,899.0,3.24,12,128,0,4522,6.5,199.0,488,16,3,1080,2400,60,1,1,Qualcomm,Snapdragon 865,8,2.98
716,OnePlus,OnePlus 8R 128GB,,2020,41999.0,649.0,4.48,8,128,0,4447,6.7,192.0,485,16,3,1080,2400,60,1,1,Qualcomm,Snapdragon 865,8,3.05
717,OnePlus,OnePlus 8T 256GB,,2020,42999.0,599.0,4.61,12,128,0,4599,6.1,188.0,4816,16,3,1080,2400,60,1,1,Qualcomm,Snapdragon 865,8,2.92
718,OnePlus,OnePlus 8T Cyberpunk 2077 Edition 256GB,,2020,45999.0,749.0,4.35,12,128,0,4399,6.5,188.0,4816,16,3,1080,2400,60,1,1,Qualcomm,Snapdragon 865,8,2.93
719,OnePlus,OnePlus 8T Cyberpunk Edition 256GB,,2020,58999.0,799.0,3.28,12,128,0,4566,6.5,188.0,4816,16,3,1080,2400,60,1,1,Qualcomm,Snapdragon 865,8,2.64
720,OnePlus,OnePlus 9 128GB,,2021,39999.0,599.0,4.5,8,128,0,4434,6.4,183.0,4850,16,3,1080,2400,60,1,1,Qualcomm,Snapdragon 888,8,2.82
721,oneplus,OnePlus 9 Pro,android,2023,64800.0,785.0,5.0,8,128,0,44918,6.1,,480,160,4,1440,3216,120,1,1,snapdragon,,8,2.84
722,OnePlus,OnePlus 9 Pro 256GB,,2021,59999.0,699.0,3.67,12,128,0,4389,6.8,192.0,4850,16,3,1080,2400,60,1,1,Qualcomm,Snapdragon 888,8,1.68
723,OnePlus,OnePlus 9R 5G 128GB,,2021,39999.0,599.0,3.62,8,128,0,4363,6.5,189.0,485,16,3,1080,2400,60,1,1,Qualcomm,Snapdragon 870,8,1.97
724,oneplus,OnePlus 9RT 5G,android,2020,42999.0,521.0,5.0,8,128,0,45069,6.4,,500,160,3,1080,2400,120,1,1,snapdragon,,8,2.84
725,oneplus,OnePlus 9T,android,2018,44999.0,545.0,5.0,8,128,0,44898,6.8,,1080,160,4,1080,2400,120,1,1,snapdragon,,8,2.84
726,OnePlus,OnePlus 9T 128GB,,2021,49999.0,649.0,3.81,8,128,0,4359,6.8,192.0,4850,16,3,1080,2400,60,1,1,Qualcomm,Snapdragon 888,8,2.77
727,oneplus,OnePlus Ace 2,android,2020,34999.0,424.0,5.0,8,128,0,50034,6.1,,500,160,3,1080,2412,120,1,1,snapdragon,,8,3.2
728,oneplus,OnePlus Ace 5G,android,2021,28990.0,351.0,5.0,8,128,0,45082,6.1,,500,160,3,1080,2412,120,1,1,dimensity,,8,2.85
729,oneplus,OnePlus Ace Pro,android,2019,47990.0,582.0,5.0,12,256,0,47927,6.5,,500,160,3,1080,2412,120,1,1,snapdragon,,8,3.2
730,oneplus,OnePlus Ace Racing Edition 5G,android,2023,22990.0,279.0,5.0,8,128,0,50099,6.5,,640,160,3,1080,2412,120,1,1,dimensity,,8,2.85
731,oneplus,OnePlus Clover,android,2019,14999.0,182.0,5.0,4,64,1,59954,6.8,,130,80,3,720,1560,60,0,1,snapdragon,,8,1.8
732,OnePlus,OnePlus Nord 1 128GB,,2020,22999.0,349.0,4.09,6,128,0,4158,6.4,184.0,485,16,3,1080,2400,60,1,1,Qualcomm,Snapdragon 765G,8,3.0
733,OnePlus,OnePlus Nord 2 128GB,,2021,27999.0,349.0,4.17,8,128,0,4350,6.4,190.0,508,32,3,1080,2400,60,1,1,MediaTek,MediaTek Dimensity 1200-AI,8,2.58
734,OnePlus,OnePlus Nord 2 5G 128GB,,2021,27999.0,399.0,3.7,8,128,0,4635,6.1,189.0,508,32,3,1080,2400,60,1,1,MediaTek,MediaTek Dimensity 1200-AI,8,2.79
735,oneplus,OnePlus Nord 2 Lite 5G,android,2016,22999.0,279.0,5.0,8,128,1,50114,6.8,,640,160,3,1080,2412,120,1,1,snapdragon,,8,2.2
736,oneplus,OnePlus Nord 2T (12GB RAM + 256GB),android,2019,33900.0,411.0,5.0,12,256,0,45019,6.5,,500,320,3,1080,2400,90,1,1,dimensity,,8,3.0
737,OnePlus,OnePlus Nord 2T 128GB,,2022,28999.0,399.0,4.07,8,128,0,4440,6.7,190.0,508,32,3,1080,2400,60,1,1,MediaTek,MediaTek Dimensity 1300,8,1.81
738,oneplus,OnePlus Nord 2T 5G,android,2023,28999.0,352.0,5.0,8,128,0,45049,6.5,,500,320,3,1080,2400,90,1,1,dimensity,,8,3.0
739,OnePlus,OnePlus Nord 3 256GB,,2023,34999.0,499.0,4.14,12,128,0,4923,6.5,190.0,508,16,3,1080,2400,60,1,1,MediaTek,MediaTek Dimensity 9000,8,1.7
740,oneplus,OnePlus Nord 3 5G,android,2018,27999.0,339.0,5.0,8,128,0,42032,6.5,,500,320,3,1080,2400,90,1,1,dimensity,,8,3.1
741,oneplus,OnePlus Nord 3T 5G,android,2019,29990.0,364.0,5.0,8,128,0,44858,6.1,,500,320,3,1080,2400,90,1,1,dimensity,,8,3.0
742,oneplus,OnePlus Nord 4 5G,android,2022,29999.0,364.0,5.0,8,128,0,45059,6.8,,500,320,3,1080,2412,120,1,1,snapdragon,,8,2.36
743,oneplus,OnePlus Nord 5,android,2022,34999.0,424.0,5.0,8,128,0,49940,6.7,,640,320,3,1080,2400,120,1,1,dimensity,,8,2.22
744,OnePlus,OnePlus Nord CE 2 128GB,,2022,23999.0,299.0,4.09,8,128,0,4566,6.8,173.0,648,16,3,1080,2400,60,1,1,MediaTek,MediaTek Dimensity 1200,8,2.2
745,OnePlus,OnePlus Nord CE 2 Lite 128GB,,2022,19999.0,249.0,3.44,6,128,0,5100,6.7,195.0,642,16,3,1080,2400,60,1,1,MediaTek,MediaTek Dimensity 900,8,1.87
746,oneplus,OnePlus Nord CE 2 Lite 5G,android,2021,19989.0,242.0,5.0,6,128,1,49944,6.8,,640,160,3,1080,2412,120,1,1,snapdragon,,8,2.2
747,oneplus,OnePlus Nord CE 2 Lite 5G (8GB RAM + 128GB),android,2020,21995.0,267.0,5.0,8,128,1,49928,6.8,,640,160,3,1080,2412,120,1,1,snapdragon,,8,2.2
748,oneplus,OnePlus Nord CE 2 Lite 5G (8GB RAM + 256GB),android,2020,24999.0,303.0,5.0,8,256,1,49899,6.7,,640,160,3,1080,2412,120,1,1,snapdragon,,8,2.2
749,OnePlus,OnePlus Nord CE 3 128GB,,2023,22999.0,399.0,4.61,8,128,0,5131,6.4,179.0,502,16,3,1080,2400,60,1,1,Qualcomm,Snapdragon 782G,8,2.71
750,oneplus,OnePlus Nord CE 3 5G,android,2022,21999.0,267.0,5.0,6,128,1,49905,6.5,,1080,160,3,1080,2412,120,1,1,snapdragon,,8,2.2
751,OnePlus,OnePlus Nord CE 3 Lite 128GB,,2023,17999.0,299.0,4.35,8,128,0,5015,6.5,195.0,108,16,3,1080,2400,60,1,1,Qualcomm,Snapdragon 695,8,1.75
752,oneplus,OnePlus Nord CE 3 Lite 5G,android,2017,18999.0,230.0,5.0,6,128,1,50123,6.5,,500,160,3,1080,2412,120,1,1,snapdragon,,8,2.2
753,OnePlus,OnePlus Nord CE 5G 128GB,,2021,24999.0,299.0,4.66,6,128,0,4600,6.8,170.0,648,16,3,1080,2400,60,1,1,Qualcomm,Snapdragon 750G,8,3.07
754,oneplus,OnePlus Nord Lite,android,2017,19999.0,242.0,5.0,8,128,0,42854,6.4,,480,160,3,1080,2400,90,0,1,snapdragon,,8,2.0
755,oneplus,OnePlus Nord N10,android,2025,25595.0,310.0,5.0,6,128,1,43099,6.4,,640,160,4,1080,2400,90,1,1,snapdragon,,8,2.0
756,OnePlus,OnePlus Nord N10 5G 128GB,,2020,19999.0,299.0,3.91,6,128,0,4282,6.8,190.0,648,16,3,1080,2400,60,1,1,Qualcomm,Qualcomm Snapdragon 690,8,2.74
757,oneplus,OnePlus Nord N100,android,2023,16990.0,206.0,5.0,4,64,1,50108,6.1,,130,80,3,720,1600,90,0,1,snapdragon,,8,1.8
758,OnePlus,OnePlus Nord N100 5G 64GB,,2020,12999.0,179.0,3.99,4,128,0,5095,6.8,185.0,132,8,3,1080,2400,60,1,1,Qualcomm,Qualcomm Snapdragon 460,8,2.41
759,OnePlus,OnePlus Nord N100 64GB,,2020,12999.0,179.0,3.84,4,128,0,5028,6.8,185.0,132,8,3,1080,2400,60,1,1,Qualcomm,Qualcomm Snapdragon 460,8,2.64
760,oneplus,OnePlus Nord N20 5G,android,2016,20990.0,254.0,5.0,6,128,1,44971,6.5,,640,160,3,1080,2400,60,1,1,snapdragon,,8,2.2
761,oneplus,OnePlus Nord N200,android,2019,16990.0,206.0,5.0,4,64,1,49959,6.7,,130,160,3,1080,2400,90,1,1,snapdragon,,8,2.0
762,OnePlus,OnePlus Nord N200 64GB,,2021,15999.0,199.0,4.22,4,128,0,4931,6.8,189.0,132,16,3,1080,2400,60,1,1,Qualcomm,Snapdragon 480,8,2.02
763,OnePlus,OnePlus Nord N30 5G 128GB,,2023,16999.0,249.0,3.89,8,128,0,4983,6.7,192.0,642,16,3,1080,2400,60,1,1,MediaTek,MediaTek Dimensity 6020,8,1.99
764,oneplus,OnePlus Nord N300,android,2020,18990.0,230.0,5.0,4,64,1,49901,6.1,,480,160,2,720,1612,90,1,1,dimensity,,8,2.4
765,oneplus,OnePlus Nord SE,android,2016,19999.0,242.0,5.0,4,64,1,45099,6.4,,480,130,4,1080,2400,60,0,1,snapdragon,,8,2.0
766,OnePlus,OnePlus Nord X 128GB,,2020,24999.0,299.0,4.29,8,128,0,3920,6.4,190.0,648,32,3,1080,2400,60,1,1,Qualcomm,Snapdragon 765G,8,2.71
767,OnePlus,OnePlus Open 256GB,,2024,74999.0,1099.0,4.0,16,128,0,4877,6.4,238.0,4848,32,3,1080,2400,60,1,1,Qualcomm,Snapdragon 8 Gen 2,8,1.78
768,OnePlus,OnePlus Pad,,2023,39999.0,499.0,3.83,8,128,0,9637,6.4,550.0,13,8,3,1080,2400,60,1,1,MediaTek,MediaTek Dimensity 9000,8,2.48
769,OnePlus,OnePlus Pad 2,,2024,44999.0,549.0,4.1,8,128,0,9422,6.1,550.0,13,8,3,1080,2400,60,1,1,MediaTek,MediaTek Dimensity 9000,8,2.31
770,OnePlus,OnePlus Pad Pro,,2024,69999.0,799.0,3.79,12,128,0,11083,6.1,610.0,50,16,3,1080,2400,60,1,1,Qualcomm,Snapdragon 8 Gen 3,8,2.77
771,oneplus,OnePlus Z,android,2025,24999.0,303.0,5.0,8,128,0,43100,6.4,,640,160,3,1080,2400,90,0,1,snapdragon,,8,2.4
772,Oppo,A3 128GB,,2024,34999.0,399.0,3.82,4,128,0,5146,6.4,186.0,50,5,3,1080,2400,60,1,1,Qualcomm,Snapdragon 6s 4G Gen 1,8,2.74
773,Oppo,A3 4G 128GB,,2024,34999.0,399.0,4.44,4,128,0,4920,6.7,186.0,50,5,3,1080,2400,60,1,1,Qualcomm,Snapdragon 6s 4G Gen 1,8,2.16
774,Oppo,A3x 128GB,,2024,36999.0,449.0,3.67,4,128,0,4955,6.5,186.0,82,8,3,1080,2400,60,1,1,Qualcomm,Snapdragon 6s 4G Gen 1,8,2.64
775,Oppo,A3x 256GB,,2024,39999.0,499.0,3.44,6,128,0,5043,6.1,186.0,82,8,3,1080,2400,60,1,1,Qualcomm,Snapdragon 6s 4G Gen 1,8,3.05
776,Oppo,A3x 4G 128GB,,2024,36999.0,449.0,4.1,4,128,0,5190,6.8,186.0,82,8,3,1080,2400,60,1,1,Qualcomm,Snapdragon 6s 4G Gen 1,8,2.9
777,Oppo,A3x 4G 256GB,,2024,39999.0,499.0,4.02,6,128,0,4973,6.5,186.0,82,8,3,1080,2400,60,1,1,Qualcomm,Snapdragon 6s 4G Gen 1,8,1.78
778,Oppo,A40 128GB,,2024,19999.0,199.0,4.21,4,128,0,5080,6.8,186.0,50,5,3,1080,2400,60,1,1,Qualcomm,Qualcomm Snapdragon 6s Gen 1,8,1.98
779,Oppo,A40 256GB,,2024,22999.0,229.0,4.29,6,128,0,5134,6.8,186.0,50,5,3,1080,2400,60,1,1,Qualcomm,Qualcomm Snapdragon 6s Gen 1,8,2.35
780,Oppo,A49 5G 128GB,,2020,8999.0,129.0,2.77,4,128,0,3934,6.1,185.0,132,8,3,1080,2400,60,1,1,MediaTek,MediaTek Dimensity 700,8,2.72
781,Oppo,A5 Pro 256GB,,2024,49999.0,599.0,4.02,8,128,0,6032,6.8,180.0,502,16,3,1080,2400,60,1,1,MediaTek,Dimensity 7300,8,1.84
782,Oppo,A5 Pro 512GB,,2024,54999.0,699.0,3.53,12,128,0,5881,6.8,186.0,502,16,3,1080,2400,60,1,1,MediaTek,Dimensity 7300,8,2.07
783,Oppo,A50 5G 128GB,,2020,9999.0,139.0,4.33,4,128,0,3926,6.1,185.0,132,8,3,1080,2400,60,1,1,MediaTek,MediaTek Dimensity 700,8,1.98
784,Oppo,A51 5G 128GB,,2020,10999.0,149.0,4.15,4,128,0,3853,6.5,186.0,1322,8,3,1080,2400,60,1,1,MediaTek,MediaTek Dimensity 700,8,2.38
785,Oppo,A52 5G 128GB,,2020,11999.0,169.0,4.15,4,128,0,3917,6.7,184.0,12822,8,3,1080,2400,60,1,1,MediaTek,MediaTek Dimensity 720,8,2.8
786,Oppo,A53 5G 128GB,,2020,12999.0,179.0,3.98,4,128,0,4107,6.7,175.0,1622,8,3,1080,2400,60,1,1,MediaTek,MediaTek Dimensity 720,8,2.84
787,Oppo,A54 5G 128GB,,2021,15999.0,219.0,3.47,6,128,0,5095,6.7,190.0,48822,16,3,1080,2400,60,1,1,Qualcomm,Qualcomm Snapdragon 480,8,2.13
788,Oppo,A55 5G 128GB,,2021,13999.0,189.0,4.2,6,128,0,4984,6.1,186.0,1322,8,3,1080,2400,60,1,1,MediaTek,MediaTek Dimensity 700,8,1.84
789,Oppo,A56 5G 128GB,,2021,14999.0,199.0,3.73,6,128,0,4990,6.8,189.0,132,8,3,1080,2400,60,1,1,MediaTek,MediaTek Dimensity 700,8,1.63
790,Oppo,A57 5G 128GB,,2022,15999.0,219.0,4.32,6,128,0,5029,6.7,186.0,132,8,3,1080,2400,60,1,1,MediaTek,MediaTek Dimensity 810,8,1.61
791,Oppo,A58 5G 256GB,,2022,19000.0,249.0,2.99,8,128,0,4933,6.5,188.0,502,8,3,1080,2400,60,1,1,MediaTek,MediaTek Dimensity 700,8,2.13
792,Oppo,A59 5G 128GB,,2023,14999.0,199.0,3.43,6,128,0,5049,6.4,186.0,132,8,3,1080,2400,60,1,1,MediaTek,MediaTek Dimensity 6020,8,2.02
793,Oppo,A59 5G 256GB,,2023,16999.0,229.0,3.38,8,128,0,4975,6.7,186.0,132,8,3,1080,2400,60,1,1,MediaTek,MediaTek Dimensity 6020,8,1.89
794,Oppo,A60 128GB,,2024,39999.0,449.0,4.09,8,128,0,4971,6.5,186.0,502,8,3,1080,2400,60,1,1,Qualcomm,Snapdragon 680 4G,8,3.01
795,Oppo,A60 256GB,,2024,42999.0,499.0,3.56,8,128,0,4980,6.5,186.0,502,8,3,1080,2400,60,1,1,Qualcomm,Snapdragon 680 4G,8,2.73
796,Oppo,A80 256GB,,2024,44999.0,499.0,3.8,8,128,0,4993,6.8,186.0,502,8,3,1080,2400,60,1,1,MediaTek,Dimensity 6300,8,2.23
797,Oppo,F25 Pro 128GB,,2023,42999.0,549.0,4.46,8,128,0,4603,6.5,173.0,642,32,3,1080,2400,60,1,1,Qualcomm,Snapdragon 778G,8,2.99
798,Oppo,F25 Pro 256GB,,2023,44999.0,599.0,4.2,8,128,0,4557,6.8,173.0,642,32,3,1080,2400,60,1,1,Qualcomm,Snapdragon 778G,8,2.37
799,Oppo,F27 128GB,,2024,44999.0,499.0,4.26,8,128,0,4905,6.8,175.0,642,32,3,1080,2400,60,1,1,MediaTek,Dimensity 7050,8,3.06
800,Oppo,F27 256GB,,2024,47999.0,549.0,4.53,8,128,0,5070,6.4,175.0,642,32,3,1080,2400,60,1,1,MediaTek,Dimensity 7050,8,1.93
801,Oppo,F27 Pro+ 256GB,,2024,49999.0,599.0,4.13,8,128,0,5135,6.4,177.0,642,32,3,1080,2400,60,1,1,MediaTek,Dimensity 7050,8,2.71
802,Oppo,F27 Pro+ 512GB,,2024,54999.0,699.0,4.39,12,128,0,4890,6.7,177.0,642,32,3,1080,2400,60,1,1,MediaTek,Dimensity 7050,8,2.3
803,Oppo,Find N2 256GB,,2022,99999.0,1099.0,4.21,12,128,0,4605,6.8,233.0,504832,32,3,1080,2400,60,1,1,Qualcomm,Snapdragon 8+ Gen 1,8,2.55
804,Oppo,Find N2 Flip 256GB,,2023,84999.0,899.0,3.44,8,128,0,4413,6.7,191.0,508,32,3,1080,2400,60,1,1,MediaTek,Dimensity 9000+,8,1.82
805,Oppo,Find N2 Flip 512GB,,2023,94999.0,999.0,3.98,12,128,0,4276,6.1,191.0,508,32,3,1080,2400,60,1,1,MediaTek,Dimensity 9000+,8,2.88
806,Oppo,Find N3 512GB,,2023,159999.0,1399.0,3.61,12,128,0,4895,6.7,239.0,486448,32,3,1080,2400,60,1,1,Qualcomm,Snapdragon 8 Gen 2,8,3.0
807,Oppo,Find N3 Flip 256GB,,2023,109999.0,999.0,4.35,12,128,0,4356,6.1,198.0,503248,32,3,1080,2400,60,1,1,MediaTek,MediaTek Dimensity 9200,8,2.11
808,Oppo,Find X5 256GB,,2022,79999.0,799.0,3.77,8,128,0,4814,6.8,196.0,505013,32,3,1080,2400,60,1,1,Qualcomm,Snapdragon 888,8,2.7
809,Oppo,Find X5 Pro 256GB,,2022,89999.0,899.0,4.25,12,128,0,4871,6.4,218.0,505013,32,3,1080,2400,60,1,1,Qualcomm,Snapdragon 8 Gen 1,8,2.57
810,Oppo,Find X5 Pro 512GB,,2022,99999.0,999.0,4.21,16,128,0,4910,6.1,218.0,505013,32,3,1080,2400,60,1,1,Qualcomm,Snapdragon 8 Gen 1,8,3.03
811,Oppo,Find X6 256GB,,2023,84999.0,899.0,3.71,12,128,0,4752,6.7,207.0,505050,32,3,1080,2400,60,1,1,MediaTek,Dimensity 9200,8,2.53
812,Oppo,Find X6 512GB,,2023,94999.0,999.0,4.14,16,128,0,4776,6.7,207.0,505050,32,3,1080,2400,60,1,1,MediaTek,Dimensity 9200,8,3.09
813,Oppo,Find X6 Pro 256GB,,2023,94999.0,999.0,3.79,12,128,0,4976,6.4,218.0,505050,32,3,1080,2400,60,1,1,Qualcomm,Snapdragon 8 Gen 2,8,1.78
814,Oppo,Find X6 Pro 512GB,,2023,104999.0,1099.0,5.0,16,128,0,5009,6.8,218.0,505050,32,3,1080,2400,60,1,1,Qualcomm,Snapdragon 8 Gen 2,8,1.98
815,Oppo,Find X7 256GB,,2024,99999.0,1099.0,3.97,12,128,0,5096,6.4,206.0,505064,32,3,1080,2400,60,1,1,MediaTek,Dimensity 9300,8,2.15
816,Oppo,Find X7 512GB,,2024,109999.0,1199.0,4.03,16,128,0,5140,6.8,206.0,505064,32,3,1080,2400,60,1,1,MediaTek,Dimensity 9300,8,1.62
817,Oppo,Find X7 Ultra 256GB,,2024,109999.0,1199.0,4.1,12,128,0,4925,6.7,221.0,505050,32,3,1080,2400,60,1,1,Qualcomm,Snapdragon 8 Gen 3,8,1.84
818,Oppo,Find X7 Ultra 512GB,,2024,119999.0,1299.0,4.25,16,128,0,5145,6.4,221.0,505050,32,3,1080,2400,60,1,1,Qualcomm,Snapdragon 8 Gen 3,8,2.23
819,Oppo,Find X8 256GB,,2024,119999.0,1099.0,4.05,8,128,0,4849,6.8,195.0,5050,32,3,1080,2400,60,1,1,Qualcomm,Snapdragon 8 Gen 2,8,2.02
820,Oppo,Find X8 Pro 256GB,,2024,139999.0,1299.0,4.33,12,128,0,5084,6.1,210.0,505050,32,3,1080,2400,60,1,1,Qualcomm,Snapdragon 8 Gen 2,8,1.64
821,Oppo,K10 5G 128GB,,2022,19999.0,249.0,3.35,8,128,0,4857,6.5,205.0,6482,16,3,1080,2400,60,1,1,MediaTek,MediaTek Dimensity 8000-Max,8,1.67
822,Oppo,K10 5G 256GB,,2022,22999.0,279.0,4.49,12,128,0,4974,6.8,205.0,6482,16,3,1080,2400,60,1,1,MediaTek,MediaTek Dimensity 8000-Max,8,2.34
823,Oppo,K10x 128GB,,2022,16990.0,199.0,4.4,6,128,0,5039,6.4,195.0,6422,16,3,1080,2400,60,1,1,Qualcomm,Qualcomm Snapdragon 695,8,2.78
824,Oppo,K10x 256GB,,2022,18990.0,229.0,3.39,8,128,0,4944,6.1,195.0,6422,16,3,1080,2400,60,1,1,Qualcomm,Qualcomm Snapdragon 695,8,3.03
825,Oppo,K11 128GB,,2023,21999.0,259.0,3.8,8,128,0,4852,6.5,184.0,6482,16,3,1080,2400,60,1,1,Qualcomm,Qualcomm Snapdragon 782G,8,2.12
826,Oppo,K11 256GB,,2023,24999.0,299.0,4.2,12,128,0,4882,6.4,184.0,6482,16,3,1080,2400,60,1,1,Qualcomm,Qualcomm Snapdragon 782G,8,2.96
827,Oppo,K11x 128GB,,2023,18000.0,199.0,4.72,8,128,0,4963,6.7,195.0,1082,16,3,1080,2400,60,1,1,Qualcomm,Qualcomm Snapdragon 695,8,1.7
828,Oppo,K11x 256GB,,2023,20000.0,229.0,5.0,12,128,0,5040,6.8,195.0,1082,16,3,1080,2400,60,1,1,Qualcomm,Qualcomm Snapdragon 695,8,1.69
829,Oppo,K12 Plus 256GB,,2024,59999.0,699.0,4.22,8,128,0,6466,6.1,192.0,50,16,3,1080,2400,60,1,1,Qualcomm,Snapdragon 7 Gen 3,8,2.07
830,Oppo,K12 Plus 512GB,,2024,64999.0,799.0,3.58,12,128,0,6358,6.4,192.0,50,16,3,1080,2400,60,1,1,Qualcomm,Snapdragon 7 Gen 3,8,2.74
831,Oppo,K7 5G 128GB,,2020,19999.0,279.0,3.84,8,128,0,3914,6.8,180.0,48822,32,3,1080,2400,60,1,1,Qualcomm,Qualcomm Snapdragon 765G,8,2.28
832,Oppo,K7 5G 256GB,,2020,21999.0,299.0,4.8,8,128,0,3891,6.4,180.0,48822,32,3,1080,2400,60,1,1,Qualcomm,Qualcomm Snapdragon 765G,8,2.34
833,Oppo,K7x 128GB,,2020,14999.0,199.0,4.25,6,128,0,5052,6.1,194.0,48822,16,3,1080,2400,60,1,1,MediaTek,MediaTek Dimensity 720,8,1.66
834,Oppo,K9 5G 128GB,,2021,22999.0,279.0,3.26,8,128,0,4217,6.8,172.0,6482,32,3,1080,2400,60,1,1,Qualcomm,Qualcomm Snapdragon 768G,8,2.76
835,Oppo,K9 5G 256GB,,2021,24999.0,299.0,4.22,8,128,0,4353,6.5,172.0,6482,32,3,1080,2400,60,1,1,Qualcomm,Qualcomm Snapdragon 768G,8,2.59
836,Oppo,K9 Pro 5G 128GB,,2021,24999.0,299.0,4.13,8,128,0,4463,6.1,180.0,6482,16,3,1080,2400,60,1,1,MediaTek,MediaTek Dimensity 1200,8,2.25
837,Oppo,K9 Pro 5G 256GB,,2021,27999.0,329.0,3.97,12,128,0,4596,6.1,180.0,6482,16,3,1080,2400,60,1,1,MediaTek,MediaTek Dimensity 1200,8,2.14
838,Oppo,K9x 128GB,,2021,15999.0,199.0,3.99,6,128,0,4887,6.1,194.0,6422,16,3,1080,2400,60,1,1,MediaTek,MediaTek Dimensity 810,8,3.09
839,Oppo,K9x 256GB,,2021,17999.0,229.0,4.4,8,128,0,4990,6.8,194.0,6422,16,3,1080,2400,60,1,1,MediaTek,MediaTek Dimensity 810,8,1.98
840,oppo,OPPO A1 Pro,android,2022,20990.0,254.0,5.0,8,128,1,47998,6.7,,1080,160,2,1080,2412,120,1,1,snapdragon,,8,2.2
841,oppo,Oppo A12,android,2018,9990.0,121.0,5.0,3,32,1,42237,6.7,,130,50,2,1520,720,60,0,0,helio,,8,1.8
842,oppo,OPPO A15,android,2016,9999.0,121.0,5.0,3,32,1,42395,6.4,,130,50,3,720,1600,60,0,0,helio,,8,2.3
843,oppo,Oppo A15s (4GB RAM + 128GB),android,2025,11490.0,139.0,5.0,4,128,1,42358,6.1,,130,80,3,720,1600,60,0,0,helio,,8,2.3
844,oppo,OPPO A16,android,2018,11999.0,145.0,5.0,4,64,1,49936,6.8,,130,80,3,720,1600,60,0,0,helio,,8,2.3
845,oppo,OPPO A16e,android,2024,8999.0,109.0,5.0,3,32,1,42424,6.7,,130,50,1,720,1600,60,0,0,helio,,8,2.0
846,oppo,OPPO A16e (4GB RAM + 64GB),android,2025,8999.0,109.0,5.0,4,64,1,42165,6.7,,130,50,1,720,1600,60,0,0,helio,,8,2.0
847,oppo,OPPO A16K (4GB RAM + 64GB),android,2021,10999.0,133.0,5.0,4,64,1,42440,6.7,,130,50,1,720,1600,60,0,0,helio,,8,2.3
848,oppo,OPPO A17,android,2024,12499.0,152.0,5.0,4,64,1,50075,6.7,,500,50,2,720,1612,60,0,1,helio,,8,2.3
849,oppo,OPPO A17K,android,2017,9499.0,115.0,5.0,3,64,1,50018,6.4,,80,50,1,720,1612,60,0,0,helio,,8,2.3
850,oppo,Oppo A31 2020 (6GB RAM + 128GB),android,2018,12490.0,151.0,5.0,6,128,1,42284,6.1,,120,80,3,720,1600,60,0,0,helio,,8,2.3
851,oppo,OPPO A53 2020 (6GB RAM + 128GB),android,2018,13990.0,170.0,5.0,6,128,1,49870,6.5,,130,160,3,1600,720,90,0,1,snapdragon,,8,1.8
852,oppo,OPPO A54,android,2025,12199.0,148.0,5.0,4,64,1,49917,6.8,,130,160,3,1600,720,60,0,1,helio,,8,2.3
853,oppo,OPPO A54 (4GB RAM + 128GB),android,2021,11990.0,145.0,5.0,4,128,1,50059,6.4,,130,160,3,1600,720,60,0,1,helio,,8,2.3
854,oppo,OPPO A54 (6GB RAM + 128GB),android,2018,14999.0,182.0,5.0,6,128,1,49926,6.4,,130,160,3,1600,720,60,0,1,helio,,8,2.3
855,oppo,OPPO A55 4G,android,2022,13499.0,164.0,5.0,4,64,1,49900,6.4,,500,160,3,720,1600,60,0,1,helio,,8,2.3
856,oppo,OPPO A55 4G (6GB RAM + 128GB),android,2023,14700.0,178.0,5.0,6,128,1,50015,6.5,,500,160,3,720,1600,60,0,1,helio,,8,2.3
857,oppo,OPPO A55 5G,android,2023,17990.0,218.0,5.0,6,128,1,49947,6.7,,130,80,3,720,1600,60,1,0,dimensity,,8,2.2
858,oppo,Oppo A56 5G,android,2016,17990.0,218.0,5.0,6,128,1,49970,6.1,,130,80,2,720,1600,60,1,0,dimensity,,8,2.2
859,oppo,Oppo A56s,android,2024,12999.0,158.0,5.0,8,128,1,49887,6.8,,130,80,2,720,1612,60,1,0,dimensity,,8,2.4
860,oppo,OPPO A57 4G,android,2025,11990.0,145.0,5.0,3,64,1,50112,6.7,,130,80,2,720,1612,60,0,1,helio,,8,2.3
861,oppo,OPPO A57 4G (4GB RAM + 64 GB),android,2017,13969.0,169.0,5.0,4,64,1,49910,6.8,,130,80,2,720,1612,60,0,1,helio,,8,2.3
862,oppo,OPPO A58,android,2021,18990.0,230.0,5.0,6,128,1,50022,6.7,,500,80,2,720,1612,90,1,1,dimensity,,8,2.2
863,oppo,OPPO A58x,android,2016,13990.0,170.0,5.0,6,128,1,50059,6.1,,130,80,2,720,1612,90,1,1,dimensity,,8,2.2
864,oppo,OPPO A73,android,2016,15990.0,194.0,5.0,3,32,1,31910,6.7,,130,160,1,1080,2160,60,0,0,helio,,8,2.5
865,oppo,OPPO A74 5G,android,2025,15490.0,188.0,5.0,6,128,1,49995,6.7,,480,80,3,1080,2400,90,1,1,snapdragon,,8,2.0
866,oppo,OPPO A76,android,2020,16490.0,200.0,5.0,6,128,1,50085,6.1,,130,80,2,720,1612,90,0,1,snapdragon,,8,2.4
867,oppo,OPPO A77,android,2024,15499.0,188.0,5.0,4,64,1,50099,6.1,,500,80,2,720,1600,60,0,1,helio,,8,2.3
868,oppo,OPPO A77 (4GB RAM + 128 GB),android,2020,15998.0,194.0,5.0,4,128,1,50038,6.7,,500,80,2,720,1600,60,0,1,helio,,8,2.3
869,oppo,Oppo A77 5G,android,2020,21990.0,267.0,5.0,6,128,1,49948,6.8,,480,80,2,720,1600,90,1,1,snapdragon,,8,2.4
870,oppo,OPPO A77s,android,2025,17999.0,218.0,5.0,8,128,1,50126,6.8,,500,80,2,720,1600,90,0,1,snapdragon,,8,2.4
871,oppo,Oppo A78,android,2021,18999.0,230.0,5.0,8,128,1,50098,6.4,,500,80,2,720,1612,90,1,1,dimensity,,8,2.2
872,oppo,OPPO A96 4G,android,2021,17999.0,218.0,5.0,8,128,1,50028,6.1,,500,160,2,1080,2412,90,0,1,snapdragon,,8,2.4
873,oppo,Oppo A96 5G,android,2024,22990.0,279.0,5.0,8,256,1,45147,6.5,,480,160,2,1080,2400,60,1,1,snapdragon,,8,2.2
874,oppo,OPPO A97 5G,android,2022,23990.0,291.0,5.0,12,256,1,50107,6.1,,480,80,2,1080,2400,90,1,1,dimensity,,8,2.4
875,oppo,Oppo A98,android,2019,30990.0,376.0,5.0,8,128,1,49964,6.4,,1080,160,2,1080,2412,120,1,1,snapdragon,,8,3.0
876,oppo,OPPO F17 Pro,android,2017,18990.0,230.0,5.0,8,128,1,40010,6.4,,480,160,4,1080,2400,60,0,1,helio,,8,2.2
877,oppo,OPPO F19,android,2017,14990.0,182.0,5.0,6,128,1,49940,6.1,,480,160,3,1080,2400,60,0,1,snapdragon,,8,2.0
878,oppo,OPPO F19 Pro,android,2018,17994.0,218.0,5.0,8,128,1,43209,6.5,,480,160,4,1080,2400,60,0,1,helio,,8,2.2
879,oppo,OPPO F19 Pro Plus 5G,android,2016,19990.0,242.0,5.0,8,128,1,42978,6.5,,480,160,4,1080,2400,60,1,1,dimensity,,8,2.4
880,oppo,OPPO F19s,android,2019,15988.0,194.0,5.0,6,128,1,50139,6.5,,480,160,3,1080,2400,60,0,1,snapdragon,,8,2.0
881,oppo,OPPO F21 Pro 4G,android,2025,20999.0,255.0,5.0,8,128,1,44874,6.1,,640,320,3,1080,2400,90,0,1,snapdragon,,8,2.4
882,oppo,OPPO F21 Pro 5G,android,2023,25969.0,315.0,5.0,8,128,1,44913,6.1,,640,160,3,1080,2400,60,1,1,snapdragon,,8,2.2
883,oppo,OPPO F21s Pro,android,2018,25895.0,314.0,5.0,8,128,1,45126,6.1,,640,160,3,1080,2400,60,1,1,snapdragon,,8,2.2
884,oppo,OPPO F21s Pro 4G,android,2016,21899.0,265.0,5.0,8,128,1,45068,6.1,,640,320,3,1080,2400,90,0,1,snapdragon,,8,2.4
885,oppo,OPPO F22 Pro,android,2019,27660.0,335.0,5.0,8,128,1,47943,6.5,,640,320,3,1080,2400,120,1,1,snapdragon,,8,2.2
886,oppo,OPPO F23 Pro,android,2022,19990.0,242.0,5.0,8,128,1,44868,6.7,,640,320,3,1080,2400,90,1,1,snapdragon,,8,2.2
887,oppo,OPPO F23 Pro Plus 5G,android,2021,27990.0,339.0,5.0,8,128,1,44859,6.5,,500,160,4,1080,2460,90,1,1,snapdragon,,8,2.36
888,oppo,Oppo Find N 5G,android,2023,92249.0,1118.0,4.93,8,256,0,45128,6.8,,500,320,3,1792,1920,120,1,1,snapdragon,,8,2.84
889,oppo,OPPO Find N Flip,,2019,89990.0,1091.0,5.0,8,128,0,43025,6.4,,500,320,2,1200,2400,120,1,1,dimensity,,8,3.05
890,oppo,Oppo Find N Fold,other,2017,99990.0,1212.0,4.13,8,256,0,49940,6.7,,500,12,2,1792,1920,120,1,1,snapdragon,,8,3.2
891,oppo,Oppo Find N2 5G,,2016,94990.0,1151.0,4.02,12,256,0,45209,6.1,,500,320,3,1792,1920,120,1,1,snapdragon,,8,3.2
892,oppo,OPPO Find N2 Flip,,2018,70990.0,860.0,5.0,8,256,0,42880,6.1,,500,320,2,1080,2520,120,1,1,dimensity,,8,3.2
893,oppo,Oppo Find X3 Pro,android,2023,50990.0,618.0,4.3,12,256,0,45002,6.7,,500,320,4,1440,3216,120,1,1,snapdragon,,8,2.84
894,oppo,Oppo Find X5 Pro 5G,android,2018,79990.0,970.0,4.34,8,256,0,50019,6.8,,500,320,3,1440,3216,120,1,1,snapdragon,,8,3.0
895,oppo,Oppo Find X6,android,2021,69990.0,848.0,5.0,8,256,0,47112,6.4,,500,320,3,1080,2400,120,1,1,snapdragon,,8,3.2
896,oppo,Oppo Find X6 Pro,android,2019,77990.0,945.0,3.97,12,256,0,47068,6.7,,500,320,3,1080,2400,120,1,1,snapdragon,,8,3.2
897,oppo,OPPO K10,android,2018,13490.0,164.0,5.0,6,128,1,50018,6.7,,500,160,3,1080,2412,90,0,1,snapdragon,,8,2.4
898,oppo,OPPO K10 (8GB RAM + 128GB),android,2023,16990.0,206.0,5.0,8,128,1,50073,6.5,,500,160,3,1080,2412,90,0,1,snapdragon,,8,2.4
899,oppo,OPPO K10 5G,android,2024,16999.0,206.0,5.0,8,128,1,49876,6.7,,480,80,2,720,1612,90,1,1,dimensity,,8,2.4
900,oppo,Oppo K10 Pro 5G,android,2023,29990.0,364.0,5.0,8,128,0,49851,6.4,,500,160,3,1080,2400,120,1,1,snapdragon,,8,2.84
901,oppo,Oppo K10x 5G,android,2018,16990.0,206.0,5.0,6,128,0,50148,6.7,,640,160,3,1080,2412,120,1,1,snapdragon,,8,2.2
902,oppo,Oppo K5 (8GB RAM + 128GB),android,2018,19990.0,242.0,5.0,8,128,1,39994,6.1,,640,320,4,1080,2340,60,0,1,snapdragon,,8,2.2
903,oppo,OPPO Reno 10,android,2019,32999.0,400.0,5.0,8,256,0,49912,6.7,,500,320,3,1080,2412,120,1,1,snapdragon,,8,2.5
904,oppo,OPPO Reno 10 Pro,android,2019,42990.0,521.0,5.0,16,256,0,50071,6.4,,500,320,2,1080,2412,120,1,1,dimensity,,8,3.05
905,oppo,Oppo Reno 10 Pro Plus,android,2023,58990.0,715.0,5.0,12,256,0,46889,6.7,,640,320,4,1080,2412,120,1,1,snapdragon,,8,3.2
906,oppo,Oppo Reno 5,android,2019,29990.0,364.0,5.0,8,128,0,43006,6.1,,640,320,4,1080,2400,60,1,1,snapdragon,,8,2.4
907,oppo,Oppo Reno 5 Pro 5G,android,2020,38700.0,469.0,5.0,8,128,0,43476,6.8,,640,320,4,1080,2400,90,1,1,dimensity,,8,2.6
908,oppo,Oppo Reno 5A,android,2025,22990.0,279.0,5.0,6,128,1,40108,6.7,,640,160,4,1080,2400,90,1,1,snapdragon,,8,2.4
909,oppo,OPPO Reno 6,android,2017,26380.0,320.0,5.0,8,128,0,42980,6.1,,640,320,3,1080,2400,90,1,1,dimensity,,8,2.0
910,oppo,OPPO Reno 6 Pro 5G,android,2021,36760.0,446.0,5.0,12,256,0,44941,6.1,,640,320,4,1080,2400,90,1,1,dimensity,,8,3.0
911,oppo,OPPO Reno 6 Pro Plus 5G,android,2024,44990.0,545.0,5.0,8,128,0,44918,6.1,,500,320,4,1080,2400,90,1,1,snapdragon,,8,3.2
912,oppo,OPPO Reno 8 House of Dragon Edition,android,2018,32990.0,400.0,5.0,8,128,0,44918,6.1,,500,320,3,1080,2400,90,1,1,dimensity,,8,3.0
913,oppo,Oppo Reno 8 Pro (8GB RAM + 256GB),android,2022,42990.0,521.0,5.0,8,256,0,45095,6.5,,500,320,3,1080,2412,120,1,1,dimensity,,8,2.85
914,oppo,OPPO Reno 8 Pro 5G,android,2025,45999.0,558.0,5.0,12,256,0,44993,6.8,,500,320,3,1080,2412,120,1,1,dimensity,,8,2.85
915,oppo,OPPO Reno 8 Pro House of Dragon Edition,android,2019,45999.0,558.0,5.0,12,256,0,44879,6.8,,500,320,3,1080,2412,120,1,1,dimensity,,8,2.85
916,oppo,OPPO Reno 8 Z,android,2021,26990.0,327.0,5.0,8,256,1,44878,6.7,,640,160,3,1080,2400,60,1,1,snapdragon,,8,2.2
917,oppo,Oppo Reno 8T,android,2025,29990.0,364.0,5.0,8,256,1,50127,6.1,,1080,160,3,1080,2400,120,1,1,snapdragon,,8,2.2
918,oppo,Oppo Reno 8T 4G,android,2024,19999.0,242.0,5.0,8,256,1,50011,6.8,,500,160,3,1080,2400,120,0,1,helio,,8,2.2
919,oppo,OPPO Reno 9 5G,android,2018,28499.0,345.0,5.0,8,256,0,45069,6.1,,640,320,2,1080,2412,120,1,1,snapdragon,,8,2.4
920,oppo,OPPO Reno 9 Pro 5G,android,2020,39999.0,485.0,5.0,16,256,0,45094,6.4,,500,320,2,1080,2412,120,1,1,dimensity,,8,2.85
921,oppo,OPPO Reno 9 Pro Plus,android,2020,45999.0,558.0,5.0,16,256,0,46856,6.8,,500,320,3,1080,2412,120,1,1,snapdragon,,8,3.2
922,oppo,OPPO Reno 9 Z,android,2023,22990.0,279.0,5.0,8,128,1,48057,6.4,,500,320,3,1080,2400,120,1,1,snapdragon,,8,2.2
923,oppo,OPPO Reno7 5G,android,2020,25994.0,315.0,5.0,8,256,1,45037,6.4,,640,320,3,1080,2400,90,1,1,dimensity,,8,2.0
924,oppo,OPPO Reno7 Pro 5G,android,2019,31994.0,388.0,5.0,12,256,1,45087,6.7,,500,320,3,1080,2400,90,1,1,dimensity,,8,3.0
925,oppo,OPPO Reno7 Z 5G,android,2020,17999.0,218.0,5.0,8,128,1,44984,6.8,,640,160,3,1080,2400,60,1,1,snapdragon,,8,2.2
926,oppo,OPPO Reno8 5G,android,2016,29340.0,356.0,5.0,8,128,0,45078,6.5,,500,320,3,1080,2400,90,1,1,dimensity,,8,3.0
927,oppo,OPPO X 2021,android,2020,134999.0,1636.0,5.0,8,256,0,39987,6.7,,640,160,3,1440,3200,60,0,1,snapdragon,,8,2.84
928,Oppo,Pad 3 128GB,,2024,54999.0,699.0,4.47,8,128,0,9473,6.5,533.0,13,8,3,1080,2400,60,1,1,MediaTek,Dimensity 8350,8,2.11
929,Oppo,Pad 3 256GB,,2024,59999.0,799.0,3.83,12,128,0,9473,6.4,533.0,13,8,3,1080,2400,60,1,1,MediaTek,Dimensity 8350,8,2.79
930,Oppo,Pad 3 Pro 256GB,,2024,64999.0,899.0,3.76,12,128,0,9601,6.5,586.0,13,8,3,1080,2400,60,1,1,Qualcomm,Snapdragon 8 Gen 3,8,2.73
931,Oppo,Pad 3 Pro 512GB,,2024,69999.0,999.0,4.14,16,128,0,9536,6.5,586.0,13,8,3,1080,2400,60,1,1,Qualcomm,Snapdragon 8 Gen 3,8,2.93
932,Oppo,Pad Neo 128GB,,2023,44999.0,499.0,3.69,6,128,0,8481,6.5,520.0,13,8,3,1080,2400,60,1,1,Qualcomm,Snapdragon 870,8,2.67
933,Oppo,Pad Neo 256GB,,2023,49999.0,599.0,3.89,8,128,0,8501,6.4,520.0,13,8,3,1080,2400,60,1,1,Qualcomm,Snapdragon 870,8,2.27
934,Oppo,Reno10 5G 128GB,,2023,38999.0,499.0,4.12,8,128,0,4911,6.4,180.0,64328,32,3,1080,2400,60,1,1,MediaTek,Dimensity 7050,8,2.52
935,Oppo,Reno10 5G 256GB,,2023,42999.0,549.0,4.12,8,128,0,4883,6.7,180.0,64328,32,3,1080,2400,60,1,1,MediaTek,Dimensity 7050,8,2.36
936,Oppo,Reno10 Pro 5G 256GB,,2023,44999.0,599.0,4.06,12,128,0,4637,6.8,186.0,50328,32,3,1080,2400,60,1,1,Qualcomm,Snapdragon 778G,8,2.9
937,Oppo,Reno10 Pro+ 5G 256GB,,2023,54999.0,699.0,4.16,16,128,0,4713,6.1,194.0,50648,32,3,1080,2400,60,1,1,Qualcomm,Snapdragon 8+ Gen 1,8,2.94
938,Oppo,Reno11 F 256GB,,2024,44999.0,499.0,5.0,8,128,0,4962,6.1,185.0,6482,32,3,1080,2400,60,1,1,MediaTek,MediaTek Dimensity 7050,8,1.82
939,Oppo,Reno11 Pro 512GB,,2024,59999.0,699.0,4.07,12,128,0,4480,6.1,190.0,50328,32,3,1080,2400,60,1,1,MediaTek,MediaTek Dimensity 8200,8,2.96
940,Oppo,Reno12 256GB,,2024,49999.0,599.0,3.93,8,128,0,5055,6.4,185.0,508,32,3,1080,2400,60,1,1,MediaTek,MediaTek Dimensity 7050,8,2.03
941,Oppo,Reno12 F 256GB,,2024,39999.0,449.0,4.08,8,128,0,5092,6.8,187.0,5082,32,3,1080,2400,60,1,1,Qualcomm,Snapdragon 685,8,2.9
942,Oppo,Reno12 F 4G 256GB,,2024,39999.0,449.0,4.07,8,128,0,5148,6.8,187.0,5082,32,3,1080,2400,60,1,1,Qualcomm,Snapdragon 685,8,1.63
943,Oppo,Reno12 Pro 512GB,,2024,64999.0,749.0,4.08,12,128,0,4576,6.4,190.0,50328,32,3,1080,2400,60,1,1,MediaTek,MediaTek Dimensity 8200,8,2.79
944,Oppo,Reno13 256GB,,2025,54999.0,699.0,4.07,12,128,0,5552,6.5,200.0,508,50,3,1080,2400,60,1,1,MediaTek,MediaTek Dimensity 8350,8,2.55
945,Oppo,Reno13 F 256GB,,2025,44999.0,499.0,3.9,8,128,0,5807,6.4,192.0,5082,32,3,1080,2400,60,1,1,MediaTek,MediaTek Helio G100,8,2.81
946,Oppo,Reno13 F 4G 256GB,,2025,44999.0,499.0,4.27,8,128,0,5756,6.8,192.0,5082,32,3,1080,2400,60,1,1,MediaTek,MediaTek Helio G100,8,1.72
947,Oppo,Reno13 Pro 512GB,,2025,69999.0,799.0,4.2,12,128,0,5686,6.8,210.0,50508,50,3,1080,2400,60,1,1,MediaTek,MediaTek Dimensity 8350,8,2.67
948,Oppo,Reno3 5G 128GB,,2019,22999.0,249.0,3.81,8,128,0,4115,6.1,181.0,64822,32,3,1080,2400,60,1,1,MediaTek,Dimensity 1000L,8,2.17
949,Oppo,Reno3 5G 256GB,,2019,26999.0,299.0,3.89,12,128,0,4035,6.7,181.0,64822,32,3,1080,2400,60,1,1,MediaTek,Dimensity 1000L,8,2.09
950,Oppo,Reno3 Pro 5G 256GB,,2019,34999.0,499.0,4.23,12,128,0,4098,6.1,171.0,481382,32,3,1080,2400,60,1,1,Qualcomm,Snapdragon 765G,8,2.16
951,Oppo,Reno4 5G 128GB,,2020,24999.0,299.0,4.06,8,128,0,4006,6.4,183.0,48822,32,3,1080,2400,60,1,1,Qualcomm,Snapdragon 765G,8,1.63
952,Oppo,Reno4 5G 256GB,,2020,26999.0,349.0,4.72,8,128,0,4060,6.1,183.0,48822,32,3,1080,2400,60,1,1,Qualcomm,Snapdragon 765G,8,2.97
953,Oppo,Reno4 Pro 5G 256GB,,2020,39999.0,499.0,3.97,12,128,0,4065,6.8,172.0,481312,32,3,1080,2400,60,1,1,Qualcomm,Snapdragon 765G,8,1.87
954,Oppo,Reno5 5G 128GB,,2020,26999.0,299.0,3.99,8,128,0,4292,6.4,180.0,64822,32,3,1080,2400,60,1,1,Qualcomm,Snapdragon 765G,8,1.82
955,Oppo,Reno5 5G 256GB,,2020,29999.0,349.0,3.68,12,128,0,4402,6.8,180.0,64822,32,3,1080,2400,60,1,1,Qualcomm,Snapdragon 765G,8,2.3
956,Oppo,Reno5 Pro 5G 128GB,,2020,32999.0,399.0,3.96,8,128,0,4333,6.8,173.0,64822,32,3,1080,2400,60,1,1,MediaTek,Dimensity 1000+,8,2.35
957,Oppo,Reno5 Pro 5G 256GB,,2020,36999.0,449.0,3.39,12,128,0,4233,6.7,173.0,64822,32,3,1080,2400,60,1,1,MediaTek,Dimensity 1000+,8,2.88
958,Oppo,Reno5 Pro+ 5G 256GB,,2020,44999.0,599.0,3.95,12,128,0,4351,6.1,184.0,5016132,32,3,1080,2400,60,1,1,Qualcomm,Snapdragon 865,8,2.44
959,Oppo,Reno6 5G 128GB,,2021,29999.0,349.0,4.58,8,128,0,4337,6.4,182.0,6482,32,3,1080,2400,60,1,1,MediaTek,Dimensity 900,8,2.15
960,Oppo,Reno6 5G 256GB,,2021,32999.0,399.0,4.24,12,128,0,4330,6.5,182.0,6482,32,3,1080,2400,60,1,1,MediaTek,Dimensity 900,8,2.88
961,Oppo,Reno6 Pro 5G 128GB,,2021,39999.0,449.0,3.48,8,128,0,4514,6.8,177.0,64822,32,3,1080,2400,60,1,1,MediaTek,Dimensity 1200,8,2.37
962,Oppo,Reno6 Pro 5G 256GB,,2021,44999.0,499.0,4.09,12,128,0,4597,6.1,177.0,64822,32,3,1080,2400,60,1,1,MediaTek,Dimensity 1200,8,1.65
963,Oppo,Reno6 Pro+ 5G 256GB,,2021,49999.0,599.0,3.77,12,128,0,4580,6.7,188.0,5013162,32,3,1080,2400,60,1,1,Qualcomm,Snapdragon 870,8,2.41
964,Oppo,Reno7 5G 128GB,,2021,28999.0,349.0,4.62,8,128,0,4573,6.1,173.0,6482,32,3,1080,2400,60,1,1,MediaTek,Dimensity 900,8,1.95
965,Oppo,Reno7 5G 256GB,,2021,32999.0,399.0,3.72,12,128,0,4464,6.7,173.0,6482,32,3,1080,2400,60,1,1,MediaTek,Dimensity 900,8,3.07
966,Oppo,Reno7 Pro 5G 256GB,,2021,39999.0,499.0,4.28,12,128,0,4356,6.4,180.0,5082,32,3,1080,2400,60,1,1,MediaTek,Dimensity 1200,8,1.9
967,Oppo,Reno8 5G 128GB,,2022,29999.0,399.0,4.34,8,128,0,4379,6.4,179.0,5082,32,3,1080,2400,60,1,1,MediaTek,Dimensity 1300,8,3.08
968,Oppo,Reno8 5G 256GB,,2022,34999.0,449.0,4.23,12,128,0,4529,6.7,179.0,5082,32,3,1080,2400,60,1,1,MediaTek,Dimensity 1300,8,2.55
969,Oppo,Reno8 Pro 5G 256GB,,2022,42999.0,549.0,3.8,12,128,0,4451,6.4,183.0,5082,32,3,1080,2400,60,1,1,MediaTek,Dimensity 8100,8,2.57
970,Oppo,Reno8 Pro+ 5G 256GB,,2022,46999.0,599.0,3.71,12,128,0,4501,6.1,195.0,5082,32,3,1080,2400,60,1,1,MediaTek,Dimensity 8100,8,1.66
971,Oppo,Reno9 5G 128GB,,2022,32999.0,449.0,3.18,8,128,0,4410,6.4,174.0,642,32,3,1080,2400,60,1,1,Qualcomm,Snapdragon 778G,8,1.9
972,Oppo,Reno9 5G 256GB,,2022,36999.0,499.0,2.99,12,128,0,4636,6.7,174.0,642,32,3,1080,2400,60,1,1,Qualcomm,Snapdragon 778G,8,3.03
973,Oppo,Reno9 Pro 5G 256GB,,2022,42999.0,599.0,4.04,16,128,0,4465,6.1,184.0,508,32,3,1080,2400,60,1,1,MediaTek,Dimensity 8100,8,2.5
974,Oppo,Reno9 Pro+ 5G 256GB,,2022,52999.0,649.0,4.35,16,128,0,4840,6.4,192.0,5082,32,3,1080,2400,60,1,1,Qualcomm,Snapdragon 8+ Gen 1,8,3.08
975,oukitel,Oukitel WP19,android,2019,29990.0,364.0,5.0,8,256,1,209987,6.5,,640,160,3,1080,2400,60,0,1,helio,,8,2.0
976,oukitel,Oukitel WP21,,2018,22990.0,279.0,5.0,12,256,0,98045,6.4,,640,12,3,1080,2400,120,0,1,helio,,8,2.2
977,oukitel,Oukitel WP9,android,2022,25899.0,314.0,5.0,6,128,1,80044,6.4,,160,80,3,720,1520,60,0,0,helio,,8,2.0
978,POCO,C65 64GB,,2024,10999.0,149.0,3.51,4,128,0,4864,6.4,190.0,50,5,3,1080,2400,60,1,1,MediaTek,MediaTek Helio G85,8,1.7
979,POCO,F2 Pro 128GB,,2020,37999.0,499.0,4.19,6,128,0,4751,6.5,219.0,64,20,3,1080,2400,60,1,1,Qualcomm,Snapdragon 865,8,2.13
980,POCO,F3 128GB,,2021,29999.0,349.0,3.88,6,128,0,4633,6.1,196.0,48,20,3,1080,2400,60,1,1,Qualcomm,Snapdragon 870,8,2.32
981,POCO,F3 GT 128GB,,2021,25999.0,399.0,3.69,6,128,0,5167,6.8,205.0,64,16,3,1080,2400,60,1,1,MediaTek,MediaTek Dimensity 1200,8,2.27
982,POCO,F4 128GB,,2022,27999.0,349.0,3.87,6,128,0,4443,6.1,195.0,64,20,3,1080,2400,60,1,1,Qualcomm,Snapdragon 870,8,1.81
983,POCO,F4 GT 128GB,,2022,39999.0,499.0,3.55,8,128,0,4559,6.4,210.0,64,20,3,1080,2400,60,1,1,Qualcomm,Snapdragon 8 Gen 1,8,1.78
984,POCO,F5 128GB,,2023,29999.0,349.0,3.82,6,128,0,4947,6.7,181.0,64,16,3,1080,2400,60,1,1,Qualcomm,Snapdragon 7+ Gen 2,8,1.71
985,POCO,F5 Pro 256GB,,2023,39999.0,499.0,3.61,8,128,0,5050,6.5,204.0,64,20,3,1080,2400,60,1,1,Qualcomm,Snapdragon 8+ Gen 1,8,2.81
986,POCO,F6 128GB,,2024,34999.0,449.0,4.43,6,128,0,4986,6.8,190.0,64,20,3,1080,2400,60,1,1,Qualcomm,Snapdragon 8 Gen 2,8,1.8
987,POCO,F6 Pro 256GB,,2024,44999.0,549.0,3.28,8,128,0,5282,6.1,210.0,108,20,3,1080,2400,60,1,1,Qualcomm,Snapdragon 8+ Gen 2,8,1.73
988,POCO,M2 Pro 64GB,,2020,13999.0,199.0,3.6,4,128,0,5071,6.4,209.0,48,16,3,1080,2400,60,1,1,Qualcomm,Snapdragon 720G,8,1.86
989,POCO,M3 64GB,,2020,10999.0,149.0,3.97,4,128,0,6059,6.5,198.0,48,8,3,1080,2400,60,1,1,Qualcomm,Snapdragon 662,8,2.98
990,POCO,M3 Pro 5G 64GB,,2021,13999.0,199.0,3.51,4,128,0,4958,6.5,190.0,48,8,3,1080,2400,60,1,1,MediaTek,MediaTek Dimensity 700,8,2.27
991,POCO,M4 Pro 128GB,,2022,14999.0,219.0,3.82,6,128,0,5037,6.4,179.0,64,16,3,1080,2400,60,1,1,MediaTek,MediaTek Helio G96,8,2.33
992,POCO,M4 Pro 5G 128GB,,2021,14999.0,219.0,4.1,4,128,0,5113,6.7,195.0,50,16,3,1080,2400,60,1,1,MediaTek,MediaTek Dimensity 810,8,2.0
993,POCO,M5 128GB,,2022,12499.0,199.0,3.81,4,128,0,4966,6.5,201.0,50,5,3,1080,2400,60,1,1,MediaTek,MediaTek Helio G99,8,1.81
994,POCO,M5s 128GB,,2022,13999.0,229.0,4.32,4,128,0,5045,6.8,1788.0,64,13,3,1080,2400,60,1,1,MediaTek,MediaTek Helio G95,8,2.06
995,POCO,M6 64GB,,2023,12999.0,199.0,3.52,4,128,0,4932,6.5,199.0,50,8,3,1080,2400,60,1,1,MediaTek,MediaTek Helio G88,8,2.18
996,POCO,M6 Pro 128GB,,2023,14999.0,219.0,4.45,6,128,0,5038,6.1,202.0,50,8,3,1080,2400,60,1,1,Qualcomm,Snapdragon 4 Gen 1,8,3.01
997,POCO,M7 5G 128GB,,2024,15999.0,229.0,4.49,6,128,0,5031,6.5,198.0,50,8,3,1080,2400,60,1,1,MediaTek,MediaTek Dimensity 7025,8,2.2
998,Poco,Pad 5G 128GB,,2024,23999.0,280.0,3.62,8,128,0,9902,6.4,571.0,8,8,3,1080,2400,60,1,1,Qualcomm,Snapdragon 7s Gen 2,8,2.69
999,Poco,Pad 5G 256GB,,2024,25999.0,300.0,3.66,8,128,0,9982,6.7,571.0,8,8,3,1080,2400,60,1,1,Qualcomm,Snapdragon 7s Gen 2,8,2.45
1000,poco,POCO C31,android,2019,6499.0,79.0,5.0,3,32,1,50086,6.5,,130,50,3,720,1600,60,0,0,helio,,8,2.3
1001,poco,POCO C31 (4GB RAM + 64GB),android,2023,7499.0,91.0,5.0,4,64,1,50073,6.4,,130,50,3,720,1600,60,0,0,helio,,8,2.3
1002,poco,Poco C50,android,2024,6499.0,79.0,4.35,2,32,1,50116,6.1,,80,50,2,720,1600,60,0,1,helio,,4,2.0
1003,poco,Poco C50 (3GB RAM + 32GB),android,2018,7299.0,88.0,5.0,3,32,1,50007,6.1,,80,50,2,720,1600,60,0,1,helio,,4,2.0
1004,poco,Poco C55,android,2018,7999.0,97.0,5.0,4,64,1,49989,6.1,,500,50,2,720,1650,60,0,0,helio,,8,2.0
1005,poco,Poco F3 GT,android,2025,32999.0,400.0,5.0,6,128,0,50542,6.7,,640,160,3,1080,2400,120,1,1,dimensity,,8,3.0
1006,poco,Poco F4 (12GB RAM + 256GB),android,2016,29999.0,364.0,5.0,12,256,0,44967,6.5,,640,200,3,1080,2400,120,1,1,snapdragon,,8,3.2
1007,poco,Poco F4 5G,android,2021,25999.0,315.0,5.0,6,128,0,45142,6.4,,640,200,3,1080,2400,120,1,1,snapdragon,,8,3.2
1008,poco,Poco F4 5G (8GB RAM + 128GB),android,2025,27999.0,339.0,5.0,8,128,0,45131,6.8,,640,200,3,1080,2400,120,1,1,snapdragon,,8,3.2
1009,poco,POCO F4 GT 5G,android,2021,39999.0,485.0,5.0,8,128,0,47034,6.1,,640,200,3,1080,2400,120,1,1,snapdragon,,8,3.0
1010,poco,Poco F5,android,2020,34990.0,424.0,5.0,8,128,0,46949,6.4,,640,320,3,1080,2400,120,1,1,snapdragon,,8,3.2
1011,poco,POCO F5 GT 5G,android,2022,42999.0,521.0,5.0,8,128,0,45000,6.5,,640,200,3,1080,2412,120,1,1,dimensity,,8,3.0
1012,poco,Poco F5 Pro,android,2019,29999.0,364.0,5.0,8,128,0,55129,6.4,,640,160,3,1440,3200,120,1,1,snapdragon,,8,3.2
1013,poco,Poco M2,android,2016,10890.0,132.0,5.0,6,64,1,50107,6.7,,130,80,4,1080,2340,60,0,1,helio,,8,2.0
1014,poco,POCO M2 Pro,android,2023,12799.0,155.0,5.0,4,64,1,49914,6.4,,480,160,4,1080,2400,60,0,1,snapdragon,,8,2.3
1015,poco,Poco M3,android,2016,11499.0,139.0,5.0,6,64,1,60052,6.5,,480,80,3,1080,2340,60,0,1,snapdragon,,8,2.0
1016,poco,POCO M3 Pro 5G,android,2022,15999.0,194.0,5.0,4,64,1,49891,6.4,,480,80,3,1080,2400,90,1,1,dimensity,,8,2.2
1017,poco,POCO M3 Pro 5G (6GB RAM + 128GB),android,2023,14799.0,179.0,5.0,6,128,1,49967,6.5,,480,80,3,1080,2400,90,1,1,dimensity,,8,2.2
1018,poco,Poco M4 5G,android,2020,11499.0,139.0,5.0,4,64,1,49874,6.7,,500,80,2,1080,2400,90,1,1,dimensity,,8,2.2
1019,poco,Poco M4 5G (6GB RAM + 128GB),android,2018,13499.0,164.0,5.0,6,128,1,49883,6.7,,500,80,2,1080,2400,90,1,1,dimensity,,8,2.2
1020,poco,POCO M4 Pro 4G,android,2017,11999.0,145.0,5.0,6,64,1,49944,6.5,,640,160,3,1080,2400,90,0,1,helio,,8,2.05
1021,poco,POCO M4 Pro 4G (6GB RAM + 128GB),android,2022,12999.0,158.0,5.0,6,128,1,50061,6.7,,640,160,3,1080,2400,90,0,1,helio,,8,2.05
1022,poco,POCO M4 Pro 4G (8GB RAM + 128GB),android,2025,13999.0,170.0,5.0,8,128,1,49948,6.7,,640,160,3,1080,2400,90,0,1,helio,,8,2.05
1023,poco,Poco M4 Pro 5G,android,2019,12999.0,158.0,5.0,4,64,1,49970,6.5,,500,160,2,1080,2400,90,1,1,dimensity,,8,2.4
1024,poco,Poco M4 Pro 5G (6GB RAM + 128GB),android,2021,14999.0,182.0,5.0,6,128,1,50149,6.7,,500,160,2,1080,2400,90,1,1,dimensity,,8,2.4
1025,poco,Poco M4 Pro 5G (8GB RAM + 128GB),android,2017,15999.0,194.0,5.0,8,128,1,50053,6.8,,500,160,2,1080,2400,90,1,1,dimensity,,8,2.4
1026,poco,Poco M5,android,2022,10799.0,131.0,5.0,4,64,1,50137,6.8,,500,80,3,1080,2400,90,0,1,helio,,8,2.2
1027,poco,Poco M5 (6GB RAM + 128GB),android,2022,14499.0,176.0,5.0,6,128,1,49859,6.8,,500,80,3,1080,2400,90,0,1,helio,,8,2.2
1028,poco,Poco M6 Pro,android,2016,19990.0,242.0,5.0,8,128,1,51059,6.4,,1080,320,3,1080,2400,120,1,1,dimensity,,8,2.5
1029,poco,Poco X3,android,2024,13499.0,164.0,5.0,6,64,1,59928,6.7,,640,200,4,1080,2400,120,0,1,snapdragon,,8,2.3
1030,poco,Poco X3 Pro,android,2018,19650.0,238.0,5.0,6,128,1,51486,6.4,,480,200,4,1080,2400,120,0,1,snapdragon,,8,2.96
1031,poco,Poco X4,android,2025,14990.0,182.0,5.0,6,128,1,49906,6.4,,500,160,3,1080,2400,120,1,1,dimensity,,8,2.2
1032,poco,POCO X4 GT 5G,android,2022,24990.0,303.0,5.0,8,128,0,50808,6.7,,640,160,3,1080,2460,144,1,1,dimensity,,8,2.85
1033,poco,POCO X4 GT 5G (8GB RAM + 256GB),android,2016,28990.0,351.0,5.0,8,256,0,50771,6.4,,640,160,3,1080,2460,144,1,1,dimensity,,8,2.85
1034,poco,Poco X4 Pro 5G,android,2016,14999.0,182.0,5.0,6,64,1,49960,6.8,,640,160,3,1080,2400,120,1,1,snapdragon,,8,2.2
1035,poco,Poco X4 Pro 5G (6GB RAM + 128GB),android,2024,16499.0,200.0,5.0,6,128,1,50021,6.5,,640,160,3,1080,2400,120,1,1,snapdragon,,8,2.2
1036,poco,Poco X4 Pro 5G (8GB RAM + 128GB),android,2018,17999.0,218.0,5.0,8,128,1,49858,6.4,,640,160,3,1080,2400,120,1,1,snapdragon,,8,2.2
1037,poco,Poco X5,android,2022,14999.0,182.0,5.0,4,128,0,49958,6.4,,480,80,3,1080,2400,120,1,1,snapdragon,,8,2.2
1038,poco,POCO X5 GT,android,2022,29990.0,364.0,5.0,8,128,0,49954,6.7,,640,320,3,1080,2400,144,1,1,dimensity,,8,3.2
1039,poco,Poco X5 Pro,android,2017,20999.0,255.0,5.0,6,128,0,50056,6.1,,1080,160,3,1080,2400,120,1,1,snapdragon,,8,2.4
1040,poco,Poco X6 Pro 5G,android,2025,19999.0,242.0,5.0,6,128,1,50069,6.8,,640,320,4,1080,2400,120,1,1,snapdragon,,8,2.4
1041,POCO,X3 GT 128GB,,2021,21999.0,279.0,3.4,6,128,0,4881,6.8,193.0,64,16,3,1080,2400,60,1,1,MediaTek,MediaTek Dimensity 1100,8,2.67
1042,POCO,X3 NFC 128GB,,2020,16999.0,229.0,4.35,6,128,0,5100,6.1,215.0,64,20,3,1080,2400,60,1,1,Qualcomm,Snapdragon 732G,8,2.28
1043,POCO,X3 Pro 128GB,,2021,18999.0,249.0,3.6,6,128,0,5182,6.8,215.0,48,20,3,1080,2400,60,1,1,Qualcomm,Snapdragon 860,8,3.04
1044,POCO,X4 Pro 5G 128GB,,2022,18999.0,299.0,4.9,6,128,0,4991,6.7,205.0,108,16,3,1080,2400,60,1,1,Qualcomm,Snapdragon 695,8,3.02
1045,POCO,X5 128GB,,2023,18999.0,279.0,3.11,6,128,0,4938,6.8,189.0,48,13,3,1080,2400,60,1,1,Qualcomm,Snapdragon 695,8,1.86
1046,POCO,X5 Pro 128GB,,2023,22999.0,329.0,4.71,6,128,0,5106,6.8,181.0,108,16,3,1080,2400,60,1,1,Qualcomm,Snapdragon 778G,8,2.68
1047,POCO,X6 128GB,,2024,21999.0,349.0,3.66,6,128,0,5054,6.4,193.0,64,16,3,1080,2400,60,1,1,MediaTek,MediaTek Dimensity 8100,8,1.68
1048,POCO,X6 Pro 256GB,,2024,24999.0,399.0,3.97,8,128,0,5138,6.8,205.0,108,20,3,1080,2400,60,1,1,MediaTek,MediaTek Dimensity 8300,8,2.29
1049,POCO,X7 128GB,,2025,22999.0,329.0,3.85,6,128,0,4962,6.1,195.0,64,16,3,1080,2400,60,1,1,MediaTek,MediaTek Dimensity 8200,8,2.62
1050,POCO,X7 Pro 256GB,,2025,27999.0,399.0,4.14,8,128,0,6049,6.5,207.0,108,20,3,1080,2400,60,1,1,MediaTek,MediaTek Dimensity 8400,8,2.1
1051,Realme,13 5G 128GB,,2024,18999.0,220.0,4.51,6,128,0,4862,6.8,190.0,502,16,3,1080,2400,60,1,1,MediaTek,MediaTek Dimensity 6100+,8,1.82
1052,Realme,13 5G 256GB,,2024,20999.0,240.0,4.16,8,128,0,4986,6.1,190.0,502,16,3,1080,2400,60,1,1,MediaTek,MediaTek Dimensity 6100+,8,2.46
1053,Realme,13 Pro 5G 128GB,,2024,27999.0,300.0,3.74,8,128,0,5110,6.5,192.0,5082,16,3,1080,2400,60,1,1,Qualcomm,Qualcomm Snapdragon 7s Gen 2,8,2.66
1054,Realme,13 Pro 5G 256GB,,2024,29999.0,320.0,3.37,12,128,0,5054,6.5,192.0,5082,16,3,1080,2400,60,1,1,Qualcomm,Qualcomm Snapdragon 7s Gen 2,8,2.75
1055,Realme,13 Pro+ 5G 256GB,,2024,34999.0,360.0,4.34,12,128,0,5413,6.4,195.0,50850,32,3,1080,2400,60,1,1,Qualcomm,Qualcomm Snapdragon 7+ Gen 2,8,1.85
1056,Realme,13 Pro+ 5G 512GB,,2024,36999.0,380.0,4.06,16,128,0,5412,6.4,195.0,50850,32,3,1080,2400,60,1,1,Qualcomm,Qualcomm Snapdragon 7+ Gen 2,8,2.48
1057,Realme,13+ 5G 128GB,,2024,22999.0,250.0,4.3,8,128,0,5064,6.1,185.0,502,16,3,1080,2400,60,1,1,MediaTek,MediaTek Dimensity 7200,8,2.38
1058,Realme,13+ 5G 256GB,,2024,24999.0,270.0,3.13,8,128,0,4959,6.5,185.0,502,16,3,1080,2400,60,1,1,MediaTek,MediaTek Dimensity 7200,8,1.78
1059,Realme,14 Pro 5G 128GB,,2025,29999.0,320.0,3.92,8,128,0,5729,6.5,184.0,508,16,3,1080,2400,60,1,1,MediaTek,MediaTek Dimensity 7300 Energy,8,1.78
1060,Realme,14 Pro 5G 256GB,,2025,31999.0,340.0,3.82,8,128,0,5705,6.8,184.0,508,16,3,1080,2400,60,1,1,MediaTek,MediaTek Dimensity 7300 Energy,8,3.0
1061,Realme,14 Pro+ 5G 256GB,,2025,34999.0,340.0,3.69,12,128,0,6040,6.7,184.0,50850,16,3,1080,2400,60,1,1,Qualcomm,Qualcomm Snapdragon 7s Gen 3,8,1.63
1062,Realme,14 Pro+ 5G 512GB,,2025,36999.0,360.0,3.88,12,128,0,5927,6.5,184.0,50850,16,3,1080,2400,60,1,1,Qualcomm,Qualcomm Snapdragon 7s Gen 3,8,2.41
1063,Realme,14x 5G 128GB,,2025,24999.0,270.0,3.9,6,128,0,5412,6.7,190.0,4822,16,3,1080,2400,60,1,1,Qualcomm,Qualcomm Snapdragon 7s Gen 2,8,2.41
1064,Realme,14x 5G 256GB,,2025,26999.0,290.0,4.22,8,128,0,5589,6.7,190.0,4822,16,3,1080,2400,60,1,1,Qualcomm,Qualcomm Snapdragon 7s Gen 2,8,2.32
1065,Realme,C55 128GB,,2023,14999.0,170.0,4.41,6,128,0,4934,6.4,189.0,642,8,3,1080,2400,60,1,1,MediaTek,MediaTek Helio G88,8,2.13
1066,Realme,C55 256GB,,2023,16999.0,190.0,3.88,8,128,0,4957,6.8,189.0,642,8,3,1080,2400,60,1,1,MediaTek,MediaTek Helio G88,8,2.16
1067,Realme,C61 128GB,,2024,11999.0,130.0,3.04,4,128,0,4918,6.1,189.0,502,8,3,1080,2400,60,1,1,Unknown,Unisoc T612,8,2.81
1068,Realme,C63 128GB,,2024,13499.0,150.0,3.48,6,128,0,5058,6.7,191.0,502,8,3,1080,2400,60,1,1,MediaTek,MediaTek Helio G85,8,1.76
1069,Realme,C65 128GB,,2024,13999.0,160.0,3.71,6,128,0,5115,6.1,192.0,502,8,3,1080,2400,60,1,1,Qualcomm,Qualcomm Snapdragon 680,8,1.76
1070,Realme,C65 256GB,,2024,15999.0,180.0,4.01,8,128,0,5007,6.8,192.0,502,8,3,1080,2400,60,1,1,Qualcomm,Qualcomm Snapdragon 680,8,1.92
1071,Realme,C67 128GB,,2024,14999.0,170.0,3.68,6,128,0,4910,6.1,195.0,502,8,3,1080,2400,60,1,1,MediaTek,MediaTek Helio G88,8,2.15
1072,Realme,C67 256GB,,2024,16999.0,190.0,4.36,8,128,0,5016,6.4,195.0,502,8,3,1080,2400,60,1,1,MediaTek,MediaTek Helio G88,8,2.22
1073,Realme,C75 128GB,,2024,13999.0,160.0,3.68,6,128,0,4978,6.1,190.0,502,8,3,1080,2400,60,1,1,MediaTek,MediaTek Helio G85,8,2.35
1074,Realme,C75 256GB,,2024,15999.0,180.0,3.6,8,128,0,4912,6.5,190.0,502,8,3,1080,2400,60,1,1,MediaTek,MediaTek Helio G85,8,2.27
1075,Realme,GT 6 128GB,,2023,37999.0,380.0,2.98,8,128,0,5550,6.8,191.0,50850,32,3,1080,2400,60,1,1,Qualcomm,Qualcomm Snapdragon 8s Gen 3,8,2.27
1076,Realme,GT 6 256GB,,2023,39999.0,400.0,3.99,12,128,0,5367,6.1,191.0,50850,32,3,1080,2400,60,1,1,Qualcomm,Qualcomm Snapdragon 8s Gen 3,8,1.74
1077,Realme,GT 6 512GB,,2023,41999.0,420.0,3.48,16,128,0,5600,6.8,191.0,50850,32,3,1080,2400,60,1,1,Qualcomm,Qualcomm Snapdragon 8s Gen 3,8,2.52
1078,Realme,GT 6T 128GB,,2023,28756.0,360.0,3.12,8,128,0,5602,6.7,191.0,508,32,3,1080,2400,60,1,1,Qualcomm,Qualcomm Snapdragon 7 Plus Gen 3,8,2.6
1079,Realme,GT 6T 256GB,,2023,30999.0,380.0,4.24,8,128,0,5428,6.7,191.0,508,32,3,1080,2400,60,1,1,Qualcomm,Qualcomm Snapdragon 7 Plus Gen 3,8,2.5
1080,Realme,GT 7 128GB,,2024,47999.0,440.0,4.56,8,128,0,5276,6.5,199.0,5082,16,3,1080,2400,60,1,1,Qualcomm,Qualcomm Snapdragon 8 Gen 2,8,2.8
1081,Realme,GT 7 256GB,,2024,53999.0,500.0,3.37,12,128,0,5225,6.8,199.0,5082,16,3,1080,2400,60,1,1,Qualcomm,Qualcomm Snapdragon 8 Gen 2,8,1.74
1082,Realme,GT 7 Pro 128GB,,2024,59999.0,470.0,3.63,12,128,0,6504,6.1,2228.0,50508,16,3,1080,2400,60,1,1,Qualcomm,Qualcomm Snapdragon 8 Elite,8,2.84
1083,Realme,GT 7 Pro 256GB,,2024,65999.0,500.0,4.41,16,128,0,6433,6.1,2228.0,50508,16,3,1080,2400,60,1,1,Qualcomm,Qualcomm Snapdragon 8 Elite,8,2.48
1084,Realme,Narzo 70 5G 128GB,,2024,19499.0,230.0,3.83,8,128,0,5061,6.4,198.0,502,16,3,1080,2400,60,1,1,MediaTek,MediaTek Dimensity 810,8,2.88
1085,Realme,Narzo 70 Turbo 5G 128GB,,2024,19999.0,240.0,4.27,8,128,0,5059,6.7,200.0,502,16,3,1080,2400,60,1,1,MediaTek,MediaTek Dimensity 810,8,3.08
1086,Realme,Narzo 70 Turbo 5G 256GB,,2024,21999.0,260.0,4.35,8,128,0,5108,6.7,200.0,502,16,3,1080,2400,60,1,1,MediaTek,MediaTek Dimensity 810,8,2.91
1087,Realme,Narzo N61 128GB,,2024,14999.0,180.0,4.31,6,128,0,5050,6.4,195.0,502,16,3,1080,2400,60,1,1,MediaTek,MediaTek Helio G99,8,3.04
1088,Realme,Narzo N63 128GB,,2024,13999.0,160.0,3.69,6,128,0,4966,6.7,193.0,502,16,3,1080,2400,60,1,1,MediaTek,MediaTek Helio G88,8,2.41
1089,Realme,Narzo N65 5G 128GB,,2024,17999.0,210.0,4.05,8,128,0,4987,6.4,198.0,502,16,3,1080,2400,60,1,1,MediaTek,MediaTek Dimensity 700,8,2.01
1090,Realme,Neo 7 128GB,,2024,30999.0,330.0,3.49,8,128,0,5032,6.7,193.0,6482,16,3,1080,2400,60,1,1,MediaTek,MediaTek Dimensity 8200,8,1.89
1091,Realme,Neo 7 256GB,,2024,36999.0,380.0,3.34,12,128,0,5133,6.1,193.0,6482,16,3,1080,2400,60,1,1,MediaTek,MediaTek Dimensity 8200,8,1.75
1092,Realme,Note 50 128GB,,2024,15999.0,170.0,4.02,6,128,0,5087,6.5,195.0,502,16,3,1080,2400,60,1,1,MediaTek,MediaTek Helio G99,8,2.36
1093,Realme,Note 60 128GB,,2024,18999.0,220.0,4.36,6,128,0,5063,6.1,196.0,502,16,3,1080,2400,60,1,1,MediaTek,MediaTek Dimensity 810,8,3.07
1094,Realme,Note 60 256GB,,2024,20999.0,240.0,4.54,8,128,0,5055,6.8,196.0,502,16,3,1080,2400,60,1,1,MediaTek,MediaTek Dimensity 810,8,2.96
1095,Realme,Note 60x 128GB,,2024,17999.0,210.0,4.22,6,128,0,5113,6.4,198.0,502,16,3,1080,2400,60,1,1,MediaTek,MediaTek Dimensity 6100+,8,2.44
1096,Realme,P1 5G 128GB,,2024,16999.0,200.0,3.89,6,128,0,4979,6.5,184.0,502,16,3,1080,2400,60,1,1,MediaTek,MediaTek Dimensity 6100+,8,2.03
1097,Realme,P1 5G 256GB,,2024,18999.0,220.0,3.85,8,128,0,5065,6.1,184.0,502,16,3,1080,2400,60,1,1,MediaTek,MediaTek Dimensity 6100+,8,2.22
1098,Realme,P1 Pro 5G 128GB,,2024,22999.0,270.0,3.8,8,128,0,5237,6.1,190.0,642,16,3,1080,2400,60,1,1,Qualcomm,Qualcomm Snapdragon 7s Gen 1,8,2.56
1099,Realme,P1 Pro 5G 256GB,,2024,24999.0,290.0,3.98,12,128,0,5068,6.1,190.0,642,16,3,1080,2400,60,1,1,Qualcomm,Qualcomm Snapdragon 7s Gen 1,8,2.02
1100,Realme,P1 Speed 5G 128GB,,2024,19999.0,250.0,3.56,8,128,0,5147,6.4,185.0,642,16,3,1080,2400,60,1,1,MediaTek,MediaTek Dimensity 8100,8,1.81
1101,Realme,P1 Speed 5G 256GB,,2024,21999.0,270.0,4.03,12,128,0,5110,6.8,185.0,642,16,3,1080,2400,60,1,1,MediaTek,MediaTek Dimensity 8100,8,2.23
1102,Realme,P2 Pro 5G 128GB,,2024,32999.0,350.0,3.91,8,128,0,5001,6.1,195.0,508,16,3,1080,2400,60,1,1,MediaTek,MediaTek Dimensity 9200,8,1.89
1103,Realme,P2 Pro 5G 256GB,,2024,35999.0,370.0,3.92,12,128,0,5438,6.5,191.5,25679,24,3,1080,2400,60,1,1,Qualcomm,Qualcomm Snapdragon 7+ Gen 3,8,1.88
1104,Realme,P2 Pro 5G 512GB,,2024,34999.0,360.0,4.15,16,128,0,5635,6.8,188.0,50850,32,3,1080,2400,60,1,1,Qualcomm,Qualcomm Snapdragon 7+ Gen 3,8,2.34
1105,Realme,Pad 128GB,,2021,22999.0,230.0,3.62,6,128,0,6976,6.8,440.0,8,8,3,1080,2400,60,1,1,MediaTek,MediaTek Helio G80,8,1.64
1106,Realme,Pad 2 128GB,,2023,27999.0,280.0,4.5,6,128,0,8229,6.5,482.0,8,8,3,1080,2400,60,1,1,MediaTek,MediaTek Helio G99,8,3.08
1107,Realme,Pad 2 256GB,,2023,31999.0,320.0,4.31,8,128,0,8503,6.5,482.0,8,8,3,1080,2400,60,1,1,MediaTek,MediaTek Helio G99,8,2.34
1108,Realme,Pad 2 Lite 128GB,,2023,20999.0,210.0,4.22,6,128,0,7138,6.8,466.0,8,8,3,1080,2400,60,1,1,MediaTek,MediaTek Helio G85,8,3.01
1109,Realme,Pad 2 Lite 64GB,,2023,18999.0,190.0,3.85,4,128,0,7249,6.5,466.0,8,8,3,1080,2400,60,1,1,MediaTek,MediaTek Helio G85,8,1.95
1110,Realme,Pad 64GB,,2021,19999.0,200.0,4.17,4,128,0,7183,6.4,440.0,8,8,3,1080,2400,60,1,1,MediaTek,MediaTek Helio G80,8,1.92
1111,Realme,Pad Mini 32GB,,2022,15999.0,160.0,3.91,3,128,0,6367,6.8,372.0,8,5,3,1080,2400,60,1,1,Unknown,Unisoc T616,8,3.09
1112,Realme,Pad Mini 64GB,,2022,17999.0,180.0,3.63,4,128,0,6541,6.5,372.0,8,5,3,1080,2400,60,1,1,Unknown,Unisoc T616,8,2.4
1113,Realme,Pad Slim 128GB,,2022,21999.0,220.0,3.85,6,128,0,7060,6.5,440.0,8,8,3,1080,2400,60,1,1,MediaTek,MediaTek Helio G80,8,2.45
1114,Realme,Pad Slim 64GB,,2022,19499.0,200.0,4.13,4,128,0,7205,6.8,440.0,8,8,3,1080,2400,60,1,1,MediaTek,MediaTek Helio G80,8,1.85
1115,Realme,Pad X 128GB,,2022,33999.0,350.0,3.94,6,128,0,8190,6.1,499.0,13,8,3,1080,2400,60,1,1,Qualcomm,Qualcomm Snapdragon 695,8,1.88
1116,Realme,Pad X 64GB,,2022,29999.0,310.0,4.61,4,128,0,8277,6.8,499.0,13,8,3,1080,2400,60,1,1,Qualcomm,Qualcomm Snapdragon 695,8,2.47
1117,realme,Realme 10,android,2020,13999.0,170.0,5.0,4,64,1,50132,6.5,,500,160,2,1080,2400,90,0,1,helio,,8,2.2
1118,realme,Realme 10 (8GB RAM + 128GB),android,2023,16999.0,206.0,5.0,8,128,1,49987,6.8,,500,160,2,1080,2400,90,0,1,helio,,8,2.2
1119,realme,Realme 10 5G,android,2017,14499.0,176.0,5.0,8,128,1,49998,6.5,,500,80,3,1080,2408,90,1,1,dimensity,,8,2.2
1120,realme,Realme 10 Pro,android,2025,18999.0,230.0,5.0,6,128,1,49862,6.5,,1080,160,2,1080,2400,120,1,1,snapdragon,,8,2.2
1121,realme,Realme 10 Pro (8GB RAM + 128GB),android,2023,19999.0,242.0,5.0,8,128,1,49985,6.8,,1080,160,2,1080,2400,120,1,1,snapdragon,,8,2.2
1122,realme,Realme 10 Pro Plus,android,2023,24999.0,303.0,5.0,6,128,0,50134,6.8,,1080,160,3,1080,2412,120,1,1,dimensity,,8,2.6
1123,realme,Realme 10 Pro Plus (8GB RAM + 256GB),android,2024,27999.0,339.0,5.0,8,256,0,50017,6.7,,1080,160,3,1080,2412,120,1,1,dimensity,,8,2.6
1124,realme,Realme 10s,android,2022,12999.0,158.0,5.0,8,128,1,50056,6.5,,500,80,2,1080,2408,90,1,1,dimensity,,8,2.4
1125,realme,Realme 11 Pro,android,2016,28999.0,352.0,5.0,6,128,1,49917,6.5,,640,320,3,1080,2400,120,1,1,snapdragon,,8,3.0
1126,realme,Realme 11 Pro Plus,android,2021,24999.0,303.0,5.0,6,128,0,41850,6.1,,500,160,3,1080,2400,90,1,1,dimensity,,8,2.2
1127,realme,Realme 6 (6GB RAM + 64GB),android,2024,12989.0,157.0,5.0,6,64,1,43046,6.1,,640,160,4,1080,2400,90,0,1,helio,,8,2.05
1128,realme,Realme 6 Pro,android,2024,14490.0,176.0,5.0,6,64,1,42860,6.1,,640,160,4,1080,2400,90,0,1,snapdragon,,8,2.3
1129,realme,Realme 7 Pro (8GB RAM + 128GB),android,2019,21999.0,267.0,5.0,8,128,1,44960,6.1,,640,320,4,1080,2400,60,0,1,snapdragon,,8,2.3
1130,realme,Realme 8,android,2018,15999.0,194.0,5.0,4,128,1,49904,6.5,,640,160,4,1080,2400,60,0,1,helio,,8,2.0
1131,realme,Realme 8 (8GB RAM + 128GB),android,2022,17999.0,218.0,5.0,8,128,1,50019,6.5,,640,160,4,1080,2400,60,0,1,helio,,8,2.0
1132,realme,Realme 8 5G,android,2025,16499.0,200.0,5.0,4,128,1,50095,6.8,,480,160,3,1080,2400,90,1,1,dimensity,,8,2.2
1133,realme,Realme 8 5G (8GB RAM + 128GB),android,2019,18499.0,224.0,5.0,8,128,1,50117,6.7,,480,160,3,1080,2400,90,1,1,dimensity,,8,2.2
1134,realme,Realme 8i,android,2022,12499.0,152.0,5.0,4,64,1,50078,6.8,,500,160,3,1080,2412,120,0,1,helio,,8,2.05
1135,realme,Realme 8i (6GB RAM + 128GB),android,2024,13999.0,170.0,5.0,6,128,1,49964,6.8,,500,160,3,1080,2412,120,0,1,helio,,8,2.05
1136,realme,Realme 8s 5G,android,2021,17999.0,218.0,5.0,6,128,1,49989,6.5,,640,160,3,1080,2400,90,1,1,dimensity,,8,2.4
1137,realme,Realme 8s 5G (8GB RAM + 128GB),android,2019,17499.0,212.0,5.0,8,128,1,49934,6.4,,640,160,3,1080,2400,90,1,1,dimensity,,8,2.4
1138,realme,Realme 9 4G,android,2022,14999.0,182.0,5.0,6,128,1,49921,6.7,,1080,160,3,1080,2400,90,0,1,snapdragon,,8,2.4
1139,realme,Realme 9 4G (8GB RAM + 128GB),android,2025,15999.0,194.0,5.0,8,128,1,50129,6.8,,1080,160,3,1080,2400,90,0,1,snapdragon,,8,2.4
1140,realme,Realme 9 5G,android,2024,13999.0,170.0,5.0,4,64,1,50042,6.7,,480,160,3,1080,2400,90,1,1,dimensity,,8,2.4
1141,realme,Realme 9 5G (6GB RAM + 128GB),android,2016,15499.0,188.0,5.0,6,128,1,49916,6.5,,480,160,3,1080,2400,90,1,1,dimensity,,8,2.4
1142,realme,Realme 9 5G SE,android,2016,18999.0,230.0,5.0,6,128,1,50004,6.1,,480,160,3,1080,2412,144,1,1,snapdragon,,8,2.4
1143,realme,Realme 9 5G SE (8GB RAM + 128GB),android,2021,22998.0,279.0,5.0,8,128,1,50055,6.5,,480,160,3,1080,2412,144,1,1,snapdragon,,8,2.4
1144,realme,Realme 9 Pro 5G,android,2025,18999.0,230.0,5.0,6,128,1,49978,6.7,,640,160,3,1080,2412,120,1,1,snapdragon,,8,2.2
1145,realme,Realme 9 Pro 5G (8GB RAM + 128GB),android,2019,20999.0,255.0,5.0,8,128,1,49939,6.8,,640,160,3,1080,2412,120,1,1,snapdragon,,8,2.2
1146,realme,Realme 9 Pro Plus 5G,android,2025,25900.0,314.0,5.0,6,128,0,45146,6.8,,500,160,3,1080,2400,90,1,1,dimensity,,8,2.5
1147,realme,Realme 9 Pro Plus 5G (8GB RAM + 128GB),android,2024,22994.0,279.0,5.0,8,128,0,44912,6.5,,500,160,3,1080,2400,90,1,1,dimensity,,8,2.5
1148,realme,Realme 9 Pro Plus 5G (8GB RAM + 256GB),android,2021,24494.0,297.0,5.0,8,256,0,44886,6.5,,500,160,3,1080,2400,90,1,1,dimensity,,8,2.5
1149,realme,Realme 9i,android,2017,12499.0,152.0,5.0,4,64,1,50058,6.7,,500,160,3,1080,2412,90,0,1,snapdragon,,8,2.4
1150,realme,Realme 9i (4GB RAM + 128GB),android,2020,13999.0,170.0,5.0,4,128,1,49950,6.4,,500,160,3,1080,2412,90,0,1,snapdragon,,8,2.4
1151,realme,Realme 9i (6GB RAM + 128GB),android,2022,14999.0,182.0,5.0,6,128,1,50035,6.4,,500,160,3,1080,2412,90,0,1,snapdragon,,8,2.4
1152,realme,Realme 9i 5G,android,2016,14965.0,181.0,5.0,4,64,1,49990,6.5,,500,80,3,1080,2408,90,1,1,dimensity,,8,2.4
1153,realme,Realme 9i 5G (6GB RAM + 128GB),android,2016,16999.0,206.0,5.0,6,128,1,50070,6.1,,500,80,3,1080,2408,90,1,1,dimensity,,8,2.4
1154,realme,Realme A1,android,2018,8999.0,109.0,3.76,2,16,1,39857,6.5,,130,80,2,720,1520,60,0,0,helio,,8,2.1
1155,realme,Realme C11,android,2020,6490.0,79.0,5.0,2,32,1,50051,6.4,,130,50,2,720,1600,60,0,0,helio,,8,2.3
1156,realme,Realme C11 2021,android,2021,6499.0,79.0,5.0,2,32,1,50121,6.1,,80,50,1,720,1600,60,0,0,sc9863a,,8,1.6
1157,realme,Realme C11 2021 (4GB RAM + 64GB),android,2016,7749.0,94.0,5.0,4,64,1,50004,6.8,,80,50,1,720,1600,60,0,0,sc9863a,,8,1.6
1158,realme,Realme C2,android,2021,6999.0,85.0,3.73,2,16,1,40094,6.7,,130,50,2,1560,720,60,0,0,helio,,8,2.0
1159,realme,Realme C21Y,android,2024,6999.0,85.0,5.0,3,32,1,49976,6.7,,130,50,3,720,1600,60,0,0,unisoc,,8,1.8
1160,realme,Realme C25Y (4GB RAM + 64GB),android,2016,8999.0,109.0,5.0,4,64,1,50071,6.7,,500,80,3,1600,720,60,0,1,tiger,,8,1.8
1161,realme,Realme C2s,android,2017,3499.0,42.0,5.0,3,32,1,39896,6.1,,130,50,2,720,1560,60,0,0,helio,,8,2.0
1162,realme,Realme C30,android,2018,5299.0,64.0,3.29,2,32,1,50070,6.7,,80,50,1,720,1600,60,0,0,tiger,,8,1.82
1163,realme,Realme C30 (3GB RAM + 32GB),android,2019,6299.0,76.0,5.0,3,32,1,50020,6.8,,80,50,1,720,1600,60,0,0,tiger,,8,1.82
1164,realme,Realme C30s,android,2022,7145.0,87.0,4.34,2,32,1,50137,6.7,,80,50,1,720,1600,60,0,1,unisoc,,8,1.6
1165,realme,Realme C30s (4GB RAM + 64GB),android,2016,8990.0,109.0,5.0,4,64,1,49885,6.8,,80,50,1,720,1600,60,0,1,unisoc,,8,1.6
1166,realme,Realme C31,android,2024,8299.0,101.0,5.0,3,32,1,50040,6.4,,130,50,3,720,1600,60,0,0,tiger,,8,1.82
1167,realme,Realme C31 (4GB RAM + 64GB),android,2020,8999.0,109.0,5.0,4,64,1,50023,6.7,,130,50,3,720,1600,60,0,0,tiger,,8,1.82
1168,realme,Realme C32,android,2021,9499.0,115.0,5.0,4,64,1,49901,6.1,,130,50,3,720,1600,60,0,0,tiger,,8,1.82
1169,realme,Realme C33,android,2018,8950.0,108.0,5.0,3,32,1,49976,6.1,,500,50,2,720,1600,60,0,0,unisoc,,8,1.8
1170,realme,Realme C33 (4GB RAM + 64GB),android,2025,9999.0,121.0,5.0,4,64,1,49953,6.8,,500,50,2,720,1600,60,0,0,unisoc,,8,1.8
1171,realme,Realme C35,android,2022,11828.0,143.0,5.0,4,64,1,50050,6.7,,500,80,3,1080,2408,60,0,1,tiger,,8,1.8
1172,realme,Realme C35 (4GB RAM + 128GB),android,2020,12787.0,155.0,5.0,4,128,1,50009,6.7,,500,80,3,1080,2408,90,0,1,tiger,,8,1.8
1173,realme,Realme C35 (6GB RAM + 128GB),android,2017,13999.0,170.0,5.0,6,128,1,50041,6.5,,500,80,3,1080,2408,90,0,1,tiger,,8,1.8
1174,realme,Realme G1,android,2021,7999.0,97.0,5.0,3,32,1,59928,6.8,,130,50,3,720,1600,60,0,0,helio,,8,2.3
1175,realme,Realme GT 2 5G,android,2016,28994.0,351.0,5.0,8,128,0,49942,6.5,,500,160,3,1080,2400,120,1,1,snapdragon,,8,2.84
1176,realme,Realme GT 2 Explorer Master Edition,android,2019,40990.0,497.0,5.0,8,128,0,50130,6.8,,500,160,3,1080,2412,120,1,1,snapdragon,,8,3.2
1177,realme,Realme GT 2 Pro 5G,android,2020,49959.0,606.0,5.0,8,128,0,50010,6.5,,500,320,3,1440,3216,120,1,1,snapdragon,,8,3.0
1178,realme,Realme GT 2 Pro 5G (12GB RAM + 256GB),android,2019,46999.0,570.0,5.0,12,256,0,49853,6.4,,500,320,3,1440,3216,120,1,1,snapdragon,,8,3.0
1179,realme,Realme GT 5G,android,2020,30994.0,376.0,5.0,8,128,0,45034,6.5,,640,160,3,1080,2400,120,1,1,snapdragon,,8,2.84
1180,realme,Realme GT Explorer Master Edition,android,2023,32990.0,400.0,5.0,8,128,0,44960,6.4,,500,320,3,1080,2400,120,1,1,snapdragon,,8,3.2
1181,realme,Realme GT Master Edition 5G,android,2024,27999.0,339.0,5.0,8,128,0,43040,6.1,,640,320,3,1080,2400,120,1,1,snapdragon,,8,2.4
1182,realme,Realme GT Neo 3 5G,android,2023,31994.0,388.0,5.0,8,128,0,50024,6.1,,500,160,3,1080,2412,120,1,1,dimensity,,8,2.85
1183,realme,Realme GT Neo 3T,android,2018,24999.0,303.0,5.0,6,128,0,49971,6.1,,640,160,3,1080,2400,120,1,1,snapdragon,,8,3.2
1184,realme,Realme GT Neo 3T (8GB RAM + 128GB),android,2020,26499.0,321.0,5.0,8,128,0,49980,6.4,,640,160,3,1080,2400,120,1,1,snapdragon,,8,3.2
1185,realme,Realme GT Neo 3T (8GB RAM + 256GB),android,2017,28499.0,345.0,5.0,8,256,0,50072,6.7,,640,160,3,1080,2400,120,1,1,snapdragon,,8,3.2
1186,realme,Realme GT Neo 4T,android,2025,29999.0,364.0,5.0,8,128,0,49859,6.8,,500,160,3,1080,2400,144,1,1,snapdragon,,8,3.0
1187,realme,Realme GT Neo 5,android,2023,34999.0,424.0,5.0,8,128,0,46030,6.5,,500,160,3,1080,2412,120,1,1,snapdragon,,8,3.2
1188,realme,Realme GT Neo2 5G,android,2018,31999.0,388.0,5.0,8,128,0,49873,6.1,,640,160,3,2400,1080,120,1,1,snapdragon,,8,3.2
1189,realme,Realme Narzo 20,android,2025,10499.0,127.0,5.0,4,64,1,59886,6.7,,480,80,3,720,1600,60,0,1,helio,,8,2.0
1190,realme,Realme Narzo 30 5G,android,2018,16999.0,206.0,5.0,6,128,1,50084,6.4,,480,160,3,1080,2400,90,1,1,dimensity,,8,2.2
1191,realme,Realme Narzo 30 Pro 5G (8GB RAM +128GB),android,2022,19999.0,242.0,5.0,8,128,1,49971,6.8,,480,160,3,1080,2400,120,1,1,dimensity,,8,2.4
1192,realme,Realme Narzo 50,android,2017,10999.0,133.0,5.0,4,64,1,49922,6.7,,500,160,3,1080,2412,120,0,1,helio,,8,2.0
1193,realme,Realme Narzo 50 (6GB RAM + 128GB),android,2021,15499.0,188.0,5.0,6,128,1,50043,6.1,,500,160,3,1080,2412,120,0,1,helio,,8,2.0
1194,realme,Realme Narzo 50 5G,android,2016,17999.0,218.0,5.0,6,128,1,50125,6.5,,480,160,3,1080,2400,90,1,1,dimensity,,8,2.4
1195,realme,Realme Narzo 50 5G (4GB RAM + 128GB),android,2016,14999.0,182.0,5.0,4,128,1,49850,6.8,,480,160,3,1080,2400,90,1,1,dimensity,,8,2.4
1196,realme,Realme Narzo 50 5G (4GB RAM + 64GB),android,2018,13499.0,164.0,5.0,4,64,1,49893,6.8,,480,160,3,1080,2400,90,1,1,dimensity,,8,2.4
1197,realme,Realme Narzo 50 Pro 5G,android,2020,20490.0,248.0,5.0,6,128,1,49991,6.8,,480,160,3,1080,2400,90,1,1,dimensity,,8,2.5
1198,realme,Realme Narzo 50 Pro 5G (8GB RAM + 128GB),android,2021,22999.0,279.0,5.0,8,128,1,49907,6.7,,480,160,3,1080,2400,90,1,1,dimensity,,8,2.5
1199,realme,Realme Narzo 50A,android,2021,11499.0,139.0,5.0,4,64,1,60067,6.5,,500,80,3,720,1600,60,0,1,helio,,8,2.0
1200,realme,Realme Narzo 50A Prime,android,2017,11399.0,138.0,5.0,4,64,1,49900,6.7,,500,80,3,1080,2408,60,0,1,tiger,,8,1.82
1201,realme,Realme Narzo 50A Prime (4GB RAM + 128GB),android,2019,11879.0,144.0,5.0,4,128,1,49988,6.5,,500,80,3,1080,2408,60,0,1,tiger,,8,1.82
1202,realme,Realme Narzo 50i,android,2022,6490.0,79.0,3.67,2,32,1,49859,6.5,,80,50,1,720,1600,60,0,0,unisoc,,8,1.6
1203,realme,Realme Narzo 50i (4GB RAM + 64GB),android,2025,8999.0,109.0,5.0,4,64,1,50070,6.1,,80,50,1,720,1600,60,0,0,unisoc,,8,1.6
1204,realme,Realme Narzo 50i Prime,android,2016,7999.0,97.0,5.0,3,32,1,49910,6.1,,80,50,1,720,1600,60,0,1,tiger,,8,1.82
1205,realme,Realme Narzo 50i Prime (4GB RAM + 64GB),android,2019,8720.0,106.0,5.0,4,64,1,50035,6.4,,80,50,1,720,1600,60,0,1,tiger,,8,1.82
1206,realme,Realme Q2i,android,2022,9999.0,121.0,5.0,4,128,0,49861,6.7,,130,80,3,720,1600,60,1,1,dimensity,,8,2.0
1207,realme,Realme Q3,android,2017,14999.0,182.0,5.0,6,128,1,50132,6.1,,480,160,3,1080,2400,120,1,1,snapdragon,,8,2.2
1208,realme,Realme Q3i 5G,android,2025,10990.0,133.0,5.0,4,128,1,49993,6.1,,480,160,3,1080,2400,60,1,1,dimensity,,8,2.2
1209,realme,Realme Q5 5G,android,2025,14990.0,182.0,5.0,6,128,1,50068,6.4,,500,160,3,1080,2412,120,1,1,snapdragon,,8,2.2
1210,realme,Realme X50 Pro 5G (12GB RAM + 256GB),android,2025,27999.0,339.0,5.0,12,256,0,41976,6.5,,640,320,4,1080,2400,90,1,1,snapdragon,,8,2.84
1211,realme,Realme X50 Pro 5G (8GB RAM + 128GB),android,2025,24999.0,303.0,5.0,8,128,0,41863,6.7,,640,320,4,1080,2400,90,1,1,snapdragon,,8,2.84
1212,realme,Realme X7 Max,android,2016,26999.0,327.0,5.0,8,128,0,44987,6.5,,640,160,3,1080,2400,120,1,1,dimensity,,8,3.0
1213,realme,Realme XT,android,2018,13279.0,161.0,5.0,4,64,1,39992,6.4,,640,160,4,1080,2340,60,0,1,snapdragon,,8,2.3
1214,Realme,TechLife Pad Neo 128GB,,2024,22999.0,230.0,4.12,6,128,0,7255,6.5,465.0,8,8,3,1080,2400,60,1,1,MediaTek,MediaTek Helio G85,8,1.81
1215,Realme,TechLife Pad Neo 64GB,,2024,20999.0,210.0,3.98,4,128,0,7084,6.7,465.0,8,8,3,1080,2400,60,1,1,MediaTek,MediaTek Helio G85,8,1.8
1216,redmi,Redmi 12C,android,2016,7999.0,97.0,5.0,4,64,1,49856,6.4,,500,50,2,720,1650,60,0,0,helio,,8,2.0
1217,redmi,Redmi Note 11 Pro 2023,android,2019,18999.0,230.0,5.0,6,128,1,49890,6.8,,1080,160,4,1080,2400,120,0,1,snapdragon,,8,2.3
1218,redmi,Redmi Note 12 Pro Speed Edition,android,2022,19999.0,242.0,5.0,6,128,0,49891,6.4,,1080,160,3,1080,2400,120,1,1,snapdragon,,8,2.4
1219,royole,Royole FlexPai 2,,2024,109999.0,1333.0,5.0,8,128,0,44368,6.1,,640,320,3,1440,1920,60,1,0,snapdragon,,8,2.84
1220,royole,Royole FlexPai 3 5G,,2020,149999.0,1818.0,5.0,8,128,0,33673,6.1,,640,320,3,1440,1920,60,1,0,snapdragon,,8,2.84
1221,Samsung,Galaxy A04 128GB,,2022,18499.0,249.0,4.05,4,128,0,5109,6.1,188.0,502,5,3,1080,2400,60,1,1,Samsung Exynos,Exynos 850,8,2.24
1222,Samsung,Galaxy A04 64GB,,2022,14999.0,199.0,4.27,4,128,0,4916,6.5,188.0,502,5,3,1080,2400,60,1,1,Samsung Exynos,Exynos 850,8,2.52
1223,Samsung,Galaxy A14 128GB,,2023,18499.0,249.0,3.36,4,128,0,5049,6.7,190.0,502,13,3,1080,2400,60,1,1,Samsung Exynos,Exynos 850,8,2.23
1224,Samsung,Galaxy A14 256GB,,2023,21999.0,299.0,4.43,4,128,0,4975,6.1,190.0,502,13,3,1080,2400,60,1,1,Samsung Exynos,Exynos 850,8,3.05
1225,Samsung,Galaxy A24 128GB,,2023,19999.0,299.0,3.89,6,128,0,4851,6.8,195.0,505,13,3,1080,2400,60,1,1,MediaTek,MediaTek Helio G99,8,3.05
1226,Samsung,Galaxy A24 256GB,,2023,24999.0,349.0,4.06,6,128,0,4922,6.8,195.0,505,13,3,1080,2400,60,1,1,MediaTek,MediaTek Helio G99,8,2.37
1227,Samsung,Galaxy A34 128GB,,2023,22999.0,349.0,4.05,6,128,0,4948,6.8,199.0,488,13,3,1080,2400,60,1,1,MediaTek,MediaTek Dimensity 1080,8,2.48
1228,Samsung,Galaxy A34 256GB,,2023,27999.0,399.0,4.11,6,128,0,5046,6.1,199.0,488,13,3,1080,2400,60,1,1,MediaTek,MediaTek Dimensity 1080,8,2.1
1229,Samsung,Galaxy A54 128GB,,2023,27999.0,399.0,4.32,6,128,0,4876,6.1,189.0,5012,32,3,1080,2400,60,1,1,Samsung Exynos,Exynos 1380,8,2.4
1230,Samsung,Galaxy A54 256GB,,2023,32999.0,449.0,3.79,6,128,0,4953,6.1,189.0,5012,32,3,1080,2400,60,1,1,Samsung Exynos,Exynos 1380,8,2.98
1231,Samsung,Galaxy C5 32GB,,2016,19990.0,249.0,3.75,4,128,0,2743,6.4,143.0,16,8,3,1080,2400,60,1,1,Qualcomm,Snapdragon 617,8,2.84
1232,Samsung,Galaxy C7 Pro 64GB,,2017,22990.0,299.0,4.34,4,128,0,3270,6.4,165.0,16,16,3,1080,2400,60,1,1,Qualcomm,Snapdragon 625,8,1.82
1233,Samsung,Galaxy C9 Pro 64GB,,2016,32990.0,399.0,4.33,6,128,0,3877,6.1,189.0,168,16,3,1080,2400,60,1,1,Qualcomm,Snapdragon 653,8,2.03
1234,Samsung,Galaxy F14 128GB,,2023,14999.0,249.0,3.75,4,128,0,6071,6.1,198.0,502,13,3,1080,2400,60,1,1,Samsung Exynos,Exynos 850,8,2.8
1235,Samsung,Galaxy F14 256GB,,2023,17999.0,299.0,3.98,4,128,0,5961,6.1,198.0,502,13,3,1080,2400,60,1,1,Samsung Exynos,Exynos 850,8,1.89
1236,Samsung,Galaxy F34 128GB,,2023,18999.0,299.0,3.61,6,128,0,5984,6.8,190.0,508,13,3,1080,2400,60,1,1,Samsung Exynos,Exynos 1280,8,1.96
1237,Samsung,Galaxy F34 256GB,,2023,21999.0,349.0,3.91,6,128,0,5990,6.8,190.0,508,13,3,1080,2400,60,1,1,Samsung Exynos,Exynos 1280,8,1.71
1238,Samsung,Galaxy F54 128GB,,2023,23999.0,349.0,3.81,8,128,0,5858,6.5,199.0,1088,32,3,1080,2400,60,1,1,Samsung Exynos,Exynos 1380,8,2.01
1239,Samsung,Galaxy F54 256GB,,2023,26999.0,399.0,3.98,8,128,0,6132,6.4,199.0,1088,32,3,1080,2400,60,1,1,Samsung Exynos,Exynos 1380,8,2.04
1240,Samsung,Galaxy J4 16GB,,2018,9990.0,129.0,4.13,2,128,0,3002,6.8,175.0,13,5,3,1080,2400,60,1,1,Samsung Exynos,Exynos 7570,8,1.99
1241,Samsung,Galaxy J6+ 64GB,,2018,15999.0,169.0,5.0,4,128,0,3181,6.1,178.0,135,8,3,1080,2400,60,1,1,Qualcomm,Snapdragon 425,8,1.73
1242,Samsung,Galaxy J7 Pro 64GB,,2017,18990.0,179.0,3.88,3,128,0,3460,6.1,181.0,13,13,3,1080,2400,60,1,1,Samsung Exynos,Exynos 7870,8,2.03
1243,Samsung,Galaxy J8 64GB,,2018,18990.0,199.0,3.72,4,128,0,3523,6.7,191.0,165,16,3,1080,2400,60,1,1,Qualcomm,Snapdragon 450,8,2.31
1244,Samsung,Galaxy M04 128GB,,2022,15999.0,249.0,4.28,4,128,0,5068,6.5,188.0,132,5,3,1080,2400,60,1,1,MediaTek,MediaTek Helio P35,8,3.0
1245,Samsung,Galaxy M04 64GB,,2022,12999.0,199.0,4.26,4,128,0,4975,6.8,188.0,132,5,3,1080,2400,60,1,1,MediaTek,MediaTek Helio P35,8,1.61
1246,Samsung,Galaxy M14 128GB,,2023,14999.0,249.0,4.81,4,128,0,6062,6.5,202.0,502,13,3,1080,2400,60,1,1,Samsung Exynos,Exynos 850,8,2.22
1247,Samsung,Galaxy M14 256GB,,2023,17999.0,299.0,4.25,4,128,0,6011,6.5,202.0,502,13,3,1080,2400,60,1,1,Samsung Exynos,Exynos 850,8,1.73
1248,Samsung,Galaxy M34 128GB,,2023,17999.0,299.0,4.0,6,128,0,6016,6.4,199.0,508,13,3,1080,2400,60,1,1,Samsung Exynos,Exynos 1280,8,2.16
1249,Samsung,Galaxy M34 256GB,,2023,20999.0,349.0,4.72,6,128,0,6075,6.4,199.0,508,13,3,1080,2400,60,1,1,Samsung Exynos,Exynos 1280,8,2.73
1250,Samsung,Galaxy M54 128GB,,2023,23999.0,349.0,4.1,8,128,0,6143,6.1,202.0,1088,32,3,1080,2400,60,1,1,Samsung Exynos,Exynos 1380,8,2.93
1251,Samsung,Galaxy M54 256GB,,2023,26999.0,399.0,4.18,8,128,0,5897,6.5,202.0,1088,32,3,1080,2400,60,1,1,Samsung Exynos,Exynos 1380,8,2.25
1252,Samsung,Galaxy Note 10 128GB,,2019,59999.0,899.0,3.15,8,128,0,3451,6.4,168.0,1216,10,3,1080,2400,60,1,1,Samsung Exynos,Exynos 9825,8,2.69
1253,Samsung,Galaxy Note 10 256GB,,2019,64999.0,949.0,4.27,8,128,0,3519,6.1,168.0,1216,10,3,1080,2400,60,1,1,Samsung Exynos,Exynos 9825,8,2.69
1254,Samsung,Galaxy Note 10+ 256GB,,2019,74999.0,1099.0,3.96,12,128,0,4273,6.7,196.0,1216,10,3,1080,2400,60,1,1,Samsung Exynos,Exynos 9825,8,2.54
1255,Samsung,Galaxy Note 10+ 512GB,,2019,84999.0,1199.0,3.98,12,128,0,4153,6.5,196.0,1216,10,3,1080,2400,60,1,1,Samsung Exynos,Exynos 9825,8,1.95
1256,Samsung,Galaxy Note 20 128GB,,2020,77999.0,999.0,4.12,8,128,0,4374,6.4,192.0,10812,10,3,1080,2400,60,1,1,Samsung Exynos,Exynos 990,8,1.7
1257,Samsung,Galaxy Note 20 256GB,,2020,89999.0,1099.0,3.43,8,128,0,4381,6.4,192.0,10812,10,3,1080,2400,60,1,1,Samsung Exynos,Exynos 990,8,1.8
1258,Samsung,Galaxy Note 20 Ultra 128GB,,2020,99999.0,1299.0,4.13,12,128,0,4563,6.1,208.0,10812,10,3,1080,2400,60,1,1,Samsung Exynos,Exynos 990,8,1.85
1259,Samsung,Galaxy Note 20 Ultra 256GB,,2020,104999.0,1399.0,3.7,12,128,0,4466,6.5,208.0,10812,10,3,1080,2400,60,1,1,Samsung Exynos,Exynos 990,8,2.86
1260,Samsung,Galaxy S22 128GB,,2022,69900.0,699.0,3.94,8,128,0,3765,6.4,167.0,5012,10,3,1080,2400,60,1,1,Samsung Exynos,Exynos 2200,8,2.38
1261,Samsung,Galaxy S22 256GB,,2022,79900.0,799.0,4.22,8,128,0,3791,6.1,167.0,5012,10,3,1080,2400,60,1,1,Samsung Exynos,Exynos 2200,8,2.19
1262,Samsung,Galaxy S22 Ultra 128GB,,2022,94900.0,1099.0,4.61,12,128,0,5008,6.1,228.0,10812,10,3,1080,2400,60,1,1,Samsung Exynos,Exynos 2200,8,2.74
1263,Samsung,Galaxy S22 Ultra 256GB,,2022,104900.0,1199.0,4.58,12,128,0,4967,6.7,228.0,10812,10,3,1080,2400,60,1,1,Samsung Exynos,Exynos 2200,8,2.66
1264,Samsung,Galaxy S22+ 128GB,,2022,79900.0,799.0,4.38,8,128,0,4636,6.1,195.0,5012,10,3,1080,2400,60,1,1,Samsung Exynos,Exynos 2200,8,2.18
1265,Samsung,Galaxy S22+ 256GB,,2022,89900.0,899.0,3.57,8,128,0,4402,6.1,195.0,5012,10,3,1080,2400,60,1,1,Samsung Exynos,Exynos 2200,8,2.83
1266,Samsung,Galaxy S23 128GB,,2023,69900.0,799.0,3.91,8,128,0,3924,6.8,168.0,5012,12,3,1080,2400,60,1,1,Qualcomm,Snapdragon 8 Gen 2,8,2.86
1267,Samsung,Galaxy S23 256GB,,2023,79900.0,899.0,3.99,8,128,0,3779,6.5,168.0,5012,12,3,1080,2400,60,1,1,Qualcomm,Snapdragon 8 Gen 2,8,2.38
1268,Samsung,Galaxy S23 Ultra 128GB,,2023,99900.0,1199.0,4.0,12,128,0,4869,6.5,228.0,20012,12,3,1080,2400,60,1,1,Qualcomm,Snapdragon 8 Gen 2,8,1.8
1269,Samsung,Galaxy S23 Ultra 256GB,,2023,109900.0,1299.0,4.05,12,128,0,5147,6.5,228.0,20012,12,3,1080,2400,60,1,1,Qualcomm,Snapdragon 8 Gen 2,8,2.25
1270,Samsung,Galaxy S23+ 128GB,,2023,79900.0,899.0,5.0,8,128,0,4731,6.4,196.0,5012,12,3,1080,2400,60,1,1,Qualcomm,Snapdragon 8 Gen 2,8,2.5
1271,Samsung,Galaxy S23+ 256GB,,2023,89900.0,999.0,3.58,8,128,0,4709,6.5,196.0,5012,12,3,1080,2400,60,1,1,Qualcomm,Snapdragon 8 Gen 2,8,2.12
1272,Samsung,Galaxy S24 128GB,,2024,79900.0,799.0,3.82,8,128,0,3916,6.4,168.0,5012,12,3,1080,2400,60,1,1,Samsung Exynos,Exynos 2400,8,2.05
1273,Samsung,Galaxy S24 256GB,,2024,89900.0,899.0,3.81,8,128,0,4011,6.8,168.0,5012,12,3,1080,2400,60,1,1,Samsung Exynos,Exynos 2400,8,1.82
1274,Samsung,Galaxy S24 Ultra 128GB,,2024,104900.0,1199.0,3.81,12,128,0,4924,6.5,234.0,20012,12,3,1080,2400,60,1,1,Samsung Exynos,Exynos 2400,8,2.57
1275,Samsung,Galaxy S24 Ultra 256GB,,2024,114900.0,1299.0,4.02,12,128,0,4926,6.4,234.0,20012,12,3,1080,2400,60,1,1,Samsung Exynos,Exynos 2400,8,2.24
1276,Samsung,Galaxy S24+ 128GB,,2024,89900.0,899.0,3.76,8,128,0,4664,6.5,196.0,5012,12,3,1080,2400,60,1,1,Samsung Exynos,Exynos 2400,8,2.69
1277,Samsung,Galaxy S24+ 256GB,,2024,99900.0,999.0,4.85,8,128,0,4787,6.8,196.0,5012,12,3,1080,2400,60,1,1,Samsung Exynos,Exynos 2400,8,3.0
1278,Samsung,Galaxy Tab A7 Lite 32GB,,2021,11999.0,149.0,3.87,3,128,0,5176,6.1,366.0,8,2,3,1080,2400,60,1,1,MediaTek,MediaTek Helio P22T,8,2.31
1279,Samsung,Galaxy Tab A8 64GB,,2022,17999.0,199.0,4.46,4,128,0,7107,6.1,508.0,8,5,3,1080,2400,60,1,1,Unknown,Unisoc T618,8,2.06
1280,Samsung,Galaxy Tab A9 64GB,,2023,16999.0,179.0,3.89,4,128,0,5033,6.5,366.0,8,2,3,1080,2400,60,1,1,MediaTek,MediaTek Helio G99,8,2.45
1281,Samsung,Galaxy Tab A9+ 128GB,,2023,22999.0,229.0,4.41,8,128,0,6996,6.4,480.0,8,5,3,1080,2400,60,1,1,Qualcomm,Snapdragon 695,8,2.02
1282,Samsung,Galaxy Tab Active 3 64GB,,2020,44999.0,499.0,4.16,4,128,0,5150,6.4,426.0,13,5,3,1080,2400,60,1,1,Samsung Exynos,Exynos 9810,8,1.87
1283,Samsung,Galaxy Tab Active 4 Pro 128GB,,2022,64999.0,649.0,4.16,6,128,0,7650,6.8,674.0,13,8,3,1080,2400,60,1,1,Qualcomm,Snapdragon 778G,8,2.04
1284,Samsung,Galaxy Tab Active 5 128GB,,2024,54999.0,549.0,4.81,6,128,0,5190,6.7,433.0,13,5,3,1080,2400,60,1,1,Samsung Exynos,Exynos 1380,8,3.02
1285,Samsung,Galaxy Tab E 10.1 16GB,,2016,9999.0,129.0,3.97,1,128,0,4892,6.1,490.0,5,2,3,1080,2400,60,1,1,Unknown,Spreadtrum SC8830,8,2.78
1286,Samsung,Galaxy Tab E 8.0 16GB,,2016,8499.0,99.0,3.88,1,128,0,5122,6.5,360.0,5,2,3,1080,2400,60,1,1,Unknown,Qualcomm MSM8916,8,2.33
1287,Samsung,Galaxy Tab S8 128GB,,2022,74999.0,699.0,4.0,8,128,0,8089,6.4,503.0,136,12,3,1080,2400,60,1,1,Qualcomm,Snapdragon 8 Gen 1,8,1.71
1288,Samsung,Galaxy Tab S8 Ultra 256GB,,2022,109999.0,1099.0,4.34,12,128,0,11208,6.4,726.0,136,1212,3,1080,2400,60,1,1,Qualcomm,Snapdragon 8 Gen 1,8,1.83
1289,Samsung,Galaxy Tab S8+ 256GB,,2022,94999.0,899.0,3.87,8,128,0,10046,6.1,567.0,136,12,3,1080,2400,60,1,1,Qualcomm,Snapdragon 8 Gen 1,8,1.95
1290,Samsung,Galaxy Tab S9 128GB,,2023,85999.0,799.0,3.85,8,128,0,8295,6.4,498.0,13,12,3,1080,2400,60,1,1,Qualcomm,Snapdragon 8 Gen 2,8,1.72
1291,Samsung,Galaxy Tab S9 FE 128GB,,2023,49999.0,549.0,3.7,6,128,0,7975,6.7,523.0,8,12,3,1080,2400,60,1,1,Samsung Exynos,Exynos 1380,8,2.0
1292,Samsung,Galaxy Tab S9 Ultra 256GB,,2023,114999.0,1199.0,3.85,12,128,0,11152,6.8,732.0,138,1212,3,1080,2400,60,1,1,Qualcomm,Snapdragon 8 Gen 2,8,1.73
1293,Samsung,Galaxy Tab S9+ 256GB,,2023,99999.0,999.0,3.94,12,128,0,9994,6.5,586.0,138,12,3,1080,2400,60,1,1,Qualcomm,Snapdragon 8 Gen 2,8,2.55
1294,Samsung,Galaxy W21 5G 256GB,,2020,89999.0,1399.0,4.24,12,128,0,4588,6.7,229.0,10812,10,3,1080,2400,60,1,1,Qualcomm,Snapdragon 888,8,1.69
1295,Samsung,Galaxy W22 5G 256GB,,2021,99999.0,1499.0,4.32,12,128,0,4598,6.8,228.0,10812,10,3,1080,2400,60,1,1,Qualcomm,Snapdragon 888,8,2.19
1296,Samsung,Galaxy Xcover 5 64GB,,2020,17499.0,249.0,3.73,4,128,0,3071,6.4,172.0,16,5,3,1080,2400,60,1,1,Samsung Exynos,Exynos 850,8,2.09
1297,Samsung,Galaxy Xcover 6 Pro 128GB,,2022,28999.0,499.0,3.58,6,128,0,4013,6.8,235.0,50,13,3,1080,2400,60,1,1,Samsung Exynos,Exynos 1380,8,2.0
1298,Samsung,Galaxy Z Flip 4 256GB,,2022,84900.0,999.0,3.83,8,128,0,3779,6.1,187.0,1212,10,3,1080,2400,60,1,1,Qualcomm,Snapdragon 8 Gen 1,8,2.49
1299,Samsung,Galaxy Z Flip 4 512GB,,2022,94900.0,1099.0,4.46,8,128,0,3635,6.4,187.0,1212,10,3,1080,2400,60,1,1,Qualcomm,Snapdragon 8 Gen 1,8,2.03
1300,Samsung,Galaxy Z Flip 5 256GB,,2023,94900.0,999.0,4.26,8,128,0,3566,6.8,187.0,1212,12,3,1080,2400,60,1,1,Qualcomm,Snapdragon 8 Gen 2,8,2.77
1301,Samsung,Galaxy Z Flip 5 512GB,,2023,104900.0,1099.0,3.78,8,128,0,3776,6.1,187.0,1212,12,3,1080,2400,60,1,1,Qualcomm,Snapdragon 8 Gen 2,8,1.63
1302,Samsung,Galaxy Z Fold 4 256GB,,2022,134900.0,1799.0,4.05,12,128,0,4464,6.8,263.0,5012,10,3,1080,2400,60,1,1,Qualcomm,Snapdragon 8 Gen 1,8,1.89
1303,Samsung,Galaxy Z Fold 4 512GB,,2022,154900.0,1899.0,4.21,12,128,0,4289,6.1,263.0,5012,10,3,1080,2400,60,1,1,Qualcomm,Snapdragon 8 Gen 1,8,2.52
1304,Samsung,Galaxy Z Fold 5 256GB,,2023,154900.0,1799.0,4.47,12,128,0,4391,6.5,254.0,5012,10,3,1080,2400,60,1,1,Qualcomm,Snapdragon 8 Gen 2,8,2.14
1305,Samsung,Galaxy Z Fold 5 512GB,,2023,174900.0,1899.0,3.97,12,128,0,4280,6.5,254.0,5012,10,3,1080,2400,60,1,1,Qualcomm,Snapdragon 8 Gen 2,8,2.21
1306,Samsung,Galaxy Z Fold6 1TB,,2024,200999.0,2259.0,4.57,12,128,0,4331,6.5,239.0,50,104,3,1080,2400,60,1,1,Qualcomm,Snapdragon 8 Gen 3,8,2.58
1307,Samsung,Galaxy Z Fold6 256GB,,2024,164999.0,1899.0,3.72,12,128,0,4324,6.5,239.0,50,104,3,1080,2400,60,1,1,Qualcomm,Snapdragon 8 Gen 3,8,2.84
1308,Samsung,Galaxy Z Fold6 512GB,,2024,176999.0,1719.0,4.03,12,128,0,4288,6.4,239.0,50,104,3,1080,2400,60,1,1,Qualcomm,Snapdragon 8 Gen 3,8,2.51
1309,samsung,Samsung Galaxy A01 Core,android,2016,4999.0,61.0,4.34,1,16,1,30143,6.8,,80,50,1,720,1480,60,0,0,mediatek,,4,1.5
1310,samsung,Samsung Galaxy A03,android,2023,7249.0,88.0,5.0,3,32,1,50104,6.4,,480,50,2,720,1560,60,0,1,unisoc,,8,1.6
1311,samsung,Samsung Galaxy A03 (4GB RAM + 64GB),android,2017,11499.0,139.0,5.0,4,64,1,50110,6.1,,480,50,2,720,1560,60,0,1,unisoc,,8,1.6
1312,samsung,Samsung Galaxy A03 Core,android,2017,6499.0,79.0,3.35,2,32,1,50016,6.4,,80,50,1,720,1600,60,0,0,unisoc,,4,1.6
1313,samsung,Samsung Galaxy A03s,android,2025,8499.0,103.0,5.0,3,32,1,49853,6.7,,130,50,3,720,1600,60,0,1,helio,,8,2.3
1314,samsung,Samsung Galaxy A04,android,2021,11999.0,145.0,5.0,4,64,1,50109,6.1,,500,50,2,720,1600,60,0,1,helio,,8,2.3
1315,samsung,Samsung Galaxy A04 (4GB RAM + 128GB),android,2018,12999.0,158.0,5.0,4,128,1,50040,6.1,,500,50,2,720,1600,60,0,1,helio,,8,2.3
1316,samsung,Samsung Galaxy A04e,android,2023,9299.0,113.0,5.0,3,32,1,49991,6.8,,130,50,2,720,1600,60,0,0,helio,,8,2.3
1317,samsung,Samsung Galaxy A04e (3GB RAM + 64GB),android,2024,9950.0,121.0,5.0,3,64,1,50070,6.5,,130,50,2,720,1600,60,0,0,helio,,8,2.3
1318,samsung,Samsung Galaxy A04e (4GB RAM + 128GB),android,2017,11499.0,139.0,5.0,4,128,1,49980,6.8,,130,50,2,720,1600,60,0,0,helio,,8,2.3
1319,samsung,Samsung Galaxy A04s,android,2017,12990.0,157.0,5.0,4,64,1,50079,6.5,,500,50,3,720,1600,90,0,1,exynos,,8,2.0
1320,samsung,Samsung Galaxy A04s (4GB RAM + 128GB),android,2025,14499.0,176.0,5.0,4,128,1,49909,6.5,,500,50,3,720,1600,90,0,1,exynos,,8,2.0
1321,samsung,Samsung Galaxy A05,android,2024,12990.0,157.0,5.0,4,64,1,50098,6.4,,480,50,2,720,1560,60,0,1,Unknown,,8,1.63
1322,samsung,Samsung Galaxy A11,android,2018,9990.0,121.0,5.0,2,32,1,39970,6.1,,130,80,3,720,1560,60,0,1,Unknown,,8,1.8
1323,samsung,Samsung Galaxy A12,android,2021,11999.0,145.0,5.0,4,64,1,49956,6.5,,480,80,4,720,1560,60,0,1,helio,,8,2.3
1324,samsung,Samsung Galaxy A12 (6GB RAM + 128GB),android,2021,13999.0,170.0,5.0,6,128,1,49940,6.8,,480,80,4,720,1560,60,0,1,helio,,8,2.3
1325,samsung,Samsung Galaxy A13,android,2024,14450.0,175.0,5.0,4,64,1,50030,6.5,,500,80,4,1080,2408,60,0,1,Unknown,,8,2.0
1326,samsung,Samsung Galaxy A13 (4GB RAM + 128GB),android,2019,14999.0,182.0,5.0,4,128,1,49973,6.4,,500,80,4,1080,2408,60,0,1,Unknown,,8,2.0
1327,samsung,Samsung Galaxy A13 (6GB RAM + 128GB),android,2022,16499.0,200.0,5.0,6,128,1,49881,6.4,,500,80,4,1080,2408,60,0,1,Unknown,,8,2.0
1328,samsung,Samsung Galaxy A13 5G,android,2020,17990.0,218.0,5.0,4,64,1,49920,6.4,,500,50,3,720,1600,90,1,1,dimensity,,8,2.2
1329,samsung,Samsung Galaxy A14 5G,android,2020,16499.0,200.0,5.0,4,64,1,49977,6.1,,500,130,3,1080,2408,90,1,1,exynos,,8,2.4
1330,samsung,Samsung Galaxy A14 5G (6GB RAM + 128GB),android,2024,18999.0,230.0,5.0,6,128,1,49959,6.4,,500,130,3,1080,2408,90,1,1,exynos,,8,2.4
1331,samsung,Samsung Galaxy A14 5G (8GB RAM + 128GB),android,2023,20999.0,255.0,5.0,8,128,1,50010,6.4,,500,130,3,1080,2408,90,1,1,exynos,,8,2.4
1332,samsung,Samsung Galaxy A15,android,2021,15990.0,194.0,5.0,6,64,1,49970,6.5,,480,80,3,720,1600,60,0,1,Unknown,,8,2.99
1333,samsung,Samsung Galaxy A21s (6GB RAM + 128GB),android,2021,17499.0,212.0,5.0,6,128,1,49897,6.7,,480,130,4,720,1600,60,0,0,exynos,,8,2.0
1334,samsung,Samsung Galaxy A22,android,2025,18499.0,224.0,5.0,6,128,1,49902,6.5,,480,130,4,720,1600,60,0,1,helio,,8,2.0
1335,samsung,Samsung Galaxy A22 5G,android,2021,17990.0,218.0,5.0,6,128,1,49901,6.8,,480,80,3,1080,2408,90,1,1,dimensity,,8,2.2
1336,samsung,Samsung Galaxy A23,android,2025,18499.0,224.0,5.0,6,128,1,49879,6.8,,500,80,4,1080,2408,60,0,1,snapdragon,,8,2.4
1337,samsung,Samsung Galaxy A23 (8GB RAM + 128GB),android,2024,19990.0,242.0,5.0,8,128,1,50045,6.8,,500,80,4,1080,2408,60,0,1,snapdragon,,8,2.4
1338,samsung,Samsung Galaxy A23 5G,android,2018,22999.0,279.0,5.0,6,128,1,49986,6.7,,500,80,4,1080,2408,120,1,1,snapdragon,,8,2.2
1339,samsung,Samsung Galaxy A23 5G (8GB RAM + 128GB),android,2022,24999.0,303.0,5.0,8,128,1,50052,6.8,,500,80,4,1080,2408,120,1,1,snapdragon,,8,2.2
1340,samsung,Samsung Galaxy A24,android,2018,17999.0,218.0,5.0,6,64,1,40126,6.4,,480,160,3,1080,2408,60,0,1,exynos,,8,1.8
1341,samsung,Samsung Galaxy A32,android,2021,16499.0,200.0,5.0,6,128,1,50034,6.8,,640,200,4,1080,2400,90,0,1,helio,,8,2.0
1342,samsung,Samsung Galaxy A32 (8GB RAM + 128GB),android,2024,16499.0,200.0,5.0,8,128,1,49866,6.7,,640,200,4,1080,2400,90,0,1,helio,,8,2.0
1343,samsung,Samsung Galaxy A32 5G,android,2022,24499.0,297.0,5.0,6,128,1,49906,6.1,,480,130,4,720,1600,90,1,1,dimensity,,8,2.0
1344,samsung,Samsung Galaxy A33 5G,android,2018,25999.0,315.0,5.0,6,128,1,49993,6.5,,480,130,4,1080,2400,90,1,1,exynos,,8,2.4
1345,samsung,Samsung Galaxy A33 5G (8GB RAM + 128GB),android,2018,27499.0,333.0,5.0,8,128,1,49927,6.1,,480,130,4,1080,2400,90,1,1,exynos,,8,2.4
1346,samsung,Samsung Galaxy A34 5G,android,2023,24999.0,303.0,5.0,6,128,1,50023,6.7,,480,130,4,1080,2400,90,1,1,exynos,,8,2.16
1347,samsung,Samsung Galaxy A40,android,2023,17990.0,218.0,5.0,4,64,1,31015,6.7,,160,250,2,1080,2340,60,0,1,exynos,,8,2.2
1348,samsung,Samsung Galaxy A50s,android,2020,15990.0,194.0,5.0,4,128,1,40063,6.4,,480,320,3,1080,2340,60,0,1,exynos,,8,2.3
1349,samsung,Samsung Galaxy A52,android,2023,24990.0,303.0,5.0,6,128,1,45126,6.7,,640,320,4,1080,2400,90,0,1,snapdragon,,8,2.3
1350,samsung,Samsung Galaxy A52 (8GB RAM + 128GB),android,2019,22494.0,273.0,5.0,8,128,1,45138,6.8,,640,320,4,1080,2400,90,0,1,snapdragon,,8,2.3
1351,samsung,Samsung Galaxy A53 (8GB RAM + 256GB),android,2021,36499.0,442.0,5.0,8,256,1,50133,6.5,,640,320,4,1080,2400,120,1,1,exynos,,8,2.4
1352,samsung,Samsung Galaxy A53 5G,android,2019,31999.0,388.0,5.0,6,128,1,50056,6.5,,640,320,4,1080,2400,120,1,1,exynos,,8,2.4
1353,samsung,Samsung Galaxy A53 5G (8GB RAM + 128GB),android,2021,33499.0,406.0,5.0,8,128,1,50108,6.4,,640,320,4,1080,2400,120,1,1,exynos,,8,2.4
1354,samsung,Samsung Galaxy A54 5G,android,2018,34999.0,424.0,5.0,6,128,1,50036,6.7,,500,320,3,1080,2400,120,1,1,exynos,,8,2.61
1355,samsung,Samsung Galaxy A7 (2018),android,2017,21490.0,260.0,5.0,4,64,1,32983,6.8,,240,240,3,2220,1080,60,0,0,exynos,,8,2.2
1356,samsung,Samsung Galaxy A71,android,2022,22494.0,273.0,5.0,8,128,1,45006,6.8,,640,320,4,1080,2400,60,0,1,snapdragon,,8,2.2
1357,samsung,Samsung Galaxy A73 5G,android,2016,41999.0,509.0,3.63,8,128,1,50091,6.5,,1080,320,4,1080,2400,120,1,1,snapdragon,,8,2.4
1358,samsung,Samsung Galaxy A73 5G (8GB RAM + 256GB),android,2018,41990.0,509.0,3.41,8,256,1,49850,6.8,,1080,320,4,1080,2400,120,1,1,snapdragon,,8,2.4
1359,samsung,Samsung Galaxy A74 5G,android,2017,42999.0,521.0,3.95,8,128,1,50021,6.4,,1080,320,4,1080,2412,120,1,1,snapdragon,,8,2.36
1360,samsung,Samsung Galaxy A75 5G,android,2024,44999.0,545.0,5.0,8,128,1,49899,6.7,,1080,320,4,1080,2412,120,1,1,snapdragon,,8,1.67
1361,samsung,Samsung Galaxy A82 5G,android,2023,39990.0,485.0,5.0,6,128,1,45124,6.1,,640,100,3,1440,3200,120,1,1,snapdragon,,8,2.96
1362,samsung,Samsung Galaxy A83 5G,android,2017,39990.0,485.0,5.0,6,128,1,45131,6.1,,640,100,3,1440,3200,120,1,1,snapdragon,,8,3.2
1363,samsung,Samsung Galaxy A9 Pro (2019),android,2016,39990.0,485.0,5.0,6,128,1,33997,6.4,,240,240,3,1080,2340,60,0,1,snapdragon,,8,2.2
1364,samsung,Samsung Galaxy A92 5G,android,2017,47990.0,582.0,5.0,8,128,0,50052,6.5,,480,160,3,1080,2400,60,1,1,dimensity,,8,3.0
1365,samsung,Samsung Galaxy F04,android,2024,8499.0,103.0,5.0,4,64,1,49860,6.5,,130,50,2,720,1600,60,0,1,helio,,8,2.3
1366,samsung,Samsung Galaxy F12,android,2021,10499.0,127.0,5.0,4,64,1,59994,6.4,,480,80,4,720,1600,90,0,1,exynos,,8,2.0
1367,samsung,Samsung Galaxy F13,android,2016,10999.0,133.0,5.0,4,64,1,60148,6.1,,500,80,3,2408,1080,60,0,1,exynos,,8,2.0
1368,samsung,Samsung Galaxy F13 (4GB RAM + 128GB),android,2025,11999.0,145.0,5.0,4,128,1,60037,6.5,,500,80,3,2408,1080,60,0,1,exynos,,8,2.0
1369,samsung,Samsung Galaxy F14,android,2022,14990.0,182.0,5.0,4,64,1,49992,6.1,,500,160,3,2408,1080,60,0,1,Unknown,,8,2.33
1370,samsung,Samsung Galaxy F22,android,2018,11499.0,139.0,5.0,4,64,1,59961,6.8,,480,130,4,720,1600,90,0,0,helio,,8,2.0
1371,samsung,Samsung Galaxy F22 (6GB RAM + 128GB),android,2023,13499.0,164.0,5.0,6,128,1,60017,6.1,,480,130,4,720,1600,90,0,0,helio,,8,2.0
1372,samsung,Samsung Galaxy F23 5G,android,2019,15999.0,194.0,5.0,4,128,1,49979,6.7,,500,80,3,1080,2408,120,1,1,snapdragon,,8,2.2
1373,samsung,Samsung Galaxy F23 5G (6GB RAM + 128GB),android,2021,16999.0,206.0,5.0,6,128,1,49888,6.1,,500,80,3,1080,2408,120,1,1,snapdragon,,8,2.2
1374,samsung,Samsung Galaxy F24 5G,android,2018,14999.0,182.0,5.0,4,128,1,49884,6.8,,500,80,3,1080,2408,120,1,1,snapdragon,,8,2.2
1375,samsung,Samsung Galaxy F41 (6GB RAM + 128GB),android,2022,19999.0,242.0,5.0,6,128,1,60133,6.8,,640,320,3,1080,2340,60,0,1,exynos,,8,2.3
1376,samsung,Samsung Galaxy F42 5G,android,2019,15490.0,188.0,5.0,6,128,1,50102,6.7,,640,80,3,1080,2408,90,1,1,dimensity,,8,2.2
1377,samsung,Samsung Galaxy F42 5G (8GB RAM + 128GB),android,2024,22999.0,279.0,5.0,8,128,1,49883,6.5,,640,80,3,1080,2408,90,1,1,dimensity,,8,2.2
1378,samsung,Samsung Galaxy F63,android,2021,21999.0,267.0,5.0,6,128,1,69920,6.4,,640,320,4,1080,2400,60,1,1,dimensity,,8,2.0
1379,samsung,Samsung Galaxy M04,android,2022,8499.0,103.0,5.0,4,64,1,50085,6.7,,130,50,2,720,1600,60,0,1,helio,,8,2.3
1380,samsung,Samsung Galaxy M04 (4GB RAM + 128GB),android,2025,9499.0,115.0,5.0,4,128,1,50090,6.7,,130,50,2,720,1600,60,0,1,helio,,8,2.3
1381,samsung,Samsung Galaxy M12,android,2016,10999.0,133.0,5.0,4,64,1,59930,6.7,,480,80,4,720,1600,90,0,1,exynos,,8,2.0
1382,samsung,Samsung Galaxy M13,android,2018,12999.0,158.0,5.0,6,128,1,60046,6.1,,500,80,3,1080,2400,60,0,1,exynos,,8,2.0
1383,samsung,Samsung Galaxy M13 (4GB RAM + 64GB),android,2020,10630.0,129.0,5.0,4,64,1,60110,6.4,,500,80,3,1080,2400,60,0,1,exynos,,8,2.0
1384,samsung,Samsung Galaxy M13 5G,android,2020,13999.0,170.0,5.0,6,128,1,49949,6.5,,500,50,2,720,1600,90,1,1,dimensity,,8,2.2
1385,samsung,Samsung Galaxy M13 5G (4GB RAM + 64GB),android,2023,12944.0,157.0,5.0,4,64,1,50115,6.4,,500,50,2,720,1600,90,1,1,dimensity,,8,2.2
1386,samsung,Samsung Galaxy M14,android,2017,14999.0,182.0,5.0,4,64,1,60062,6.7,,480,80,3,720,1600,60,0,0,exynos,,8,2.47
1387,samsung,Samsung Galaxy M21 2021,android,2018,11725.0,142.0,5.0,4,64,1,60040,6.1,,480,200,3,1080,2340,60,0,1,exynos,,8,2.3
1388,samsung,Samsung Galaxy M32,android,2018,12364.0,150.0,5.0,4,64,1,59853,6.7,,640,200,4,1080,2400,90,0,1,helio,,8,2.0
1389,samsung,Samsung Galaxy M32 (6GB RAM + 128GB),android,2022,14490.0,176.0,5.0,6,128,1,59988,6.1,,640,200,4,1080,2400,90,0,1,helio,,8,2.0
1390,samsung,Samsung Galaxy M32 Prime Edition,android,2025,12120.0,147.0,5.0,4,64,1,59891,6.8,,640,200,4,1080,2400,90,0,1,helio,,8,2.0
1391,samsung,Samsung Galaxy M32 Prime Edition (6GB RAM + 128GB),android,2020,14859.0,180.0,5.0,6,128,1,59948,6.7,,640,200,4,1080,2400,90,0,1,helio,,8,2.0
1392,samsung,Samsung Galaxy M33 5G,android,2020,17478.0,212.0,5.0,6,128,1,60135,6.5,,500,80,4,1080,2400,120,1,1,exynos,,8,2.4
1393,samsung,Samsung Galaxy M33 5G (8GB RAM + 128GB),android,2020,19499.0,236.0,5.0,8,128,1,59984,6.4,,500,80,4,1080,2400,120,1,1,exynos,,8,2.4
1394,samsung,Samsung Galaxy M34 5G,android,2024,16999.0,206.0,5.0,6,128,1,60109,6.7,,640,320,4,1080,2400,120,1,1,exynos,,8,2.4
1395,samsung,Samsung Galaxy M35,android,2024,22999.0,279.0,5.0,8,128,1,60026,6.1,,640,320,3,1080,2400,60,0,1,Unknown,,8,2.46
1396,samsung,Samsung Galaxy M51s 5G,android,2018,24990.0,303.0,5.0,6,128,1,60059,6.4,,640,320,3,1080,2400,60,1,1,Unknown,,8,2.19
1397,samsung,Samsung Galaxy M52s 5G,android,2018,24990.0,303.0,5.0,8,128,1,50066,6.7,,640,320,3,1080,2400,60,1,1,Unknown,,8,2.68
1398,samsung,Samsung Galaxy M53 5G,android,2019,23790.0,288.0,5.0,6,128,1,50050,6.8,,1080,320,4,1080,2400,120,1,1,dimensity,,8,2.4
1399,samsung,Samsung Galaxy M53 5G (8GB RAM + 128GB),android,2019,25289.0,307.0,5.0,8,128,1,49918,6.7,,1080,320,4,1080,2400,120,1,1,dimensity,,8,2.4
1400,samsung,Samsung Galaxy M54 5G,android,2017,34999.0,424.0,5.0,6,128,1,60121,6.4,,640,320,3,1080,2412,90,1,1,snapdragon,,8,2.84
1401,samsung,Samsung Galaxy M62,android,2017,23999.0,291.0,5.0,6,128,1,70041,6.7,,640,320,4,1080,2400,60,0,1,exynos,,8,2.73
1402,samsung,Samsung Galaxy Note 10 Lite,android,2021,39999.0,485.0,5.0,6,128,1,45062,6.8,,120,320,3,1080,2400,60,0,1,exynos,,8,2.7
1403,samsung,Samsung Galaxy Note 10 Plus,android,2017,58999.0,715.0,5.0,12,256,1,42957,6.7,,120,100,4,1440,3040,60,0,1,exynos,,8,2.73
1404,samsung,Samsung Galaxy Note 10 Plus 5G,android,2025,92999.0,1127.0,5.0,12,256,1,42971,6.5,,120,100,4,1440,3040,60,1,1,exynos,,8,2.7
1405,samsung,Samsung Galaxy Note 20,android,2017,86000.0,1042.0,5.0,8,256,0,42853,6.7,,640,100,3,1080,2400,60,0,1,exynos,,8,2.73
1406,samsung,Samsung Galaxy Note 30 Ultra 5G,android,2019,104999.0,1273.0,4.12,12,256,1,45050,6.7,,2000,100,3,1440,3214,120,1,1,snapdragon,,8,3.2
1407,samsung,Samsung Galaxy S10 5G,android,2020,78990.0,957.0,5.0,8,256,1,44934,6.5,,160,100,3,1440,3040,60,1,1,exynos,,8,2.7
1408,samsung,Samsung Galaxy S10 Plus,android,2025,42999.0,521.0,5.0,8,128,1,40888,6.4,,160,100,3,1440,3040,60,0,1,exynos,,8,2.7
1409,samsung,Samsung Galaxy S20,android,2018,41999.0,509.0,5.0,8,128,1,40007,6.1,,640,100,3,1440,3200,120,0,1,exynos,,8,2.73
1410,samsung,Samsung Galaxy S20 5G,android,2021,74999.0,909.0,5.0,8,128,1,40001,6.7,,640,100,3,1440,3200,60,1,1,exynos,,8,2.73
1411,samsung,Samsung Galaxy S20 FE,android,2025,35489.0,430.0,5.0,8,128,1,45053,6.5,,120,320,3,1080,2400,120,0,1,exynos,,8,2.73
1412,samsung,Samsung Galaxy S20 FE 5G,android,2022,31239.0,379.0,5.0,8,128,1,45012,6.4,,120,320,3,1080,2400,120,1,1,snapdragon,,8,2.84
1413,samsung,Samsung Galaxy S20 Plus,android,2017,83000.0,1006.0,5.0,8,128,1,45095,6.5,,640,100,4,1440,3200,120,0,1,exynos,,8,2.73
1414,samsung,Samsung Galaxy S20 Plus 5G,android,2021,85990.0,1042.0,3.75,8,128,1,45075,6.4,,640,100,4,1440,3200,60,1,1,exynos,,8,2.73
1415,samsung,Samsung Galaxy S20 Ultra 5G,android,2021,99999.0,1212.0,4.38,12,128,1,49897,6.4,,1080,400,4,1440,3200,60,1,1,exynos,,8,2.73
1416,samsung,Samsung Galaxy S21,android,2025,48900.0,593.0,5.0,8,128,0,39881,6.5,,640,100,3,1080,2400,120,1,1,exynos,,8,2.9
1417,samsung,Samsung Galaxy S21 FE 5G,android,2019,39999.0,485.0,5.0,8,128,0,45067,6.1,,120,320,3,1080,2340,120,1,1,exynos,,8,2.9
1418,samsung,Samsung Galaxy S21 FE 5G (8GB RAM + 256GB),android,2016,43999.0,533.0,5.0,8,256,0,45147,6.7,,120,320,3,1080,2340,120,1,1,exynos,,8,2.9
1419,samsung,Samsung Galaxy S21 Plus,android,2021,59450.0,721.0,5.0,8,128,0,48040,6.1,,640,100,3,1080,2400,120,1,1,exynos,,8,2.9
1420,samsung,Samsung Galaxy S21 Ultra,android,2017,105999.0,1285.0,3.4,12,256,0,50138,6.5,,1080,400,4,1440,3200,120,1,1,exynos,,8,2.9
1421,samsung,Samsung Galaxy S21 Ultra 5G (12GB RAM + 128GB),android,2024,101999.0,1236.0,3.83,12,128,0,50056,6.4,,1080,400,4,1440,3200,120,1,1,exynos,,8,2.9
1422,samsung,Samsung Galaxy S22 5G,android,2024,49999.0,606.0,5.0,8,128,0,37102,6.1,,500,100,3,1080,2340,120,1,1,snapdragon,,8,3.0
1423,samsung,Samsung Galaxy S22 5G (8GB RAM + 256GB),android,2021,57999.0,703.0,5.0,8,256,0,37117,6.1,,500,100,3,1080,2340,120,1,1,snapdragon,,8,3.0
1424,samsung,Samsung Galaxy S22 FE 5G,android,2016,51999.0,630.0,5.0,8,128,0,41862,6.8,,120,320,3,1080,2400,120,1,1,exynos,,8,2.72
1425,samsung,Samsung Galaxy S22 Plus 5G,android,2022,64449.0,781.0,5.0,8,128,0,45014,6.1,,500,100,3,1080,2340,120,1,1,snapdragon,,8,3.0
1426,samsung,Samsung Galaxy S22 Plus 5G (8GB RAM + 256GB),android,2023,88999.0,1079.0,5.0,8,256,0,45056,6.4,,500,100,3,1080,2340,120,1,1,snapdragon,,8,3.0
1427,samsung,Samsung Galaxy S22 Ultra 5G,android,2017,91999.0,1115.0,3.9,12,256,0,50050,6.8,,1080,400,4,1440,3080,120,1,1,snapdragon,,8,3.0
1428,samsung,Samsung Galaxy S22 Ultra 5G (12GB RAM + 512GB),android,2023,118999.0,1442.0,3.45,12,512,0,49900,6.8,,1080,400,4,1440,3080,120,1,1,snapdragon,,8,3.0
1429,samsung,Samsung Galaxy S22 Ultra 5G (8GB RAM + 128GB),android,2017,99990.0,1212.0,4.49,8,128,0,50144,6.4,,1080,400,4,1440,3080,120,1,1,snapdragon,,8,3.0
1430,samsung,Samsung Galaxy S23,android,2021,70990.0,860.0,5.0,8,128,0,38961,6.4,,500,120,3,1080,2340,120,1,1,snapdragon,,8,3.2
1431,samsung,Samsung Galaxy S23 FE 5G,android,2023,54999.0,667.0,5.0,8,128,0,44951,6.4,,640,320,4,1080,2400,60,1,1,Unknown,,8,2.89
1432,samsung,Samsung Galaxy S23 Plus,android,2025,84990.0,1030.0,5.0,8,256,0,46983,6.7,,500,120,3,1080,2340,120,1,1,snapdragon,,8,3.2
1433,samsung,Samsung Galaxy S23 Ultra 5G,android,2024,114990.0,1394.0,3.81,8,256,0,50041,6.8,,2000,120,4,1440,3088,120,1,1,snapdragon,,8,3.2
1434,samsung,Samsung Galaxy S24 Ultra,android,2020,119990.0,1454.0,5.0,12,256,0,51117,6.8,,2000,600,4,1200,2860,144,1,1,snapdragon,,8,2.04
1435,samsung,Samsung Galaxy S9 Plus (128GB),android,2020,34999.0,424.0,5.0,6,128,1,34987,6.5,,120,80,2,1440,2960,60,0,1,exynos,,8,2.8
1436,samsung,Samsung Galaxy Z Flip 3,,2025,69999.0,848.0,5.0,8,128,0,32995,6.1,,120,100,2,1080,2640,120,1,1,snapdragon,,8,2.84
1437,samsung,Samsung Galaxy Z Flip 4 5G,,2024,89999.0,1091.0,5.0,8,128,0,36994,6.1,,120,100,2,1080,2640,120,1,1,snapdragon,,8,3.2
1438,samsung,Samsung Galaxy Z Fold 3,android,2023,110999.0,1345.0,5.0,12,256,0,43914,6.4,,120,100,3,1768,2208,120,1,1,snapdragon,,8,2.84
1439,samsung,Samsung Galaxy Z Fold 4,android,2022,154998.0,1879.0,4.49,12,256,0,43884,6.8,,500,100,3,1812,2176,120,1,1,snapdragon,,8,3.2
1440,samsung,Samsung Galaxy Z Fold 4 (12GB RAM + 1TB),android,2024,163980.0,1988.0,3.57,12,1024,0,44059,6.7,,500,100,3,1812,2176,120,1,1,snapdragon,,8,3.2
1441,sharp,Sharp Aquos R5G,android,2021,59990.0,727.0,5.0,12,256,1,37424,6.4,,480,160,3,1440,3168,60,0,1,snapdragon,,8,2.84
1442,sony,Sony Xperia 1 II,android,2021,69999.0,848.0,5.0,8,256,1,40090,6.5,,120,80,4,1644,3840,60,1,1,snapdragon,,8,2.84
1443,sony,Sony Xperia 1 IV (12GB RAM + 512GB),android,2017,92980.0,1127.0,3.72,12,512,1,50013,6.1,,120,120,4,1644,3840,120,1,1,snapdragon,,8,3.0
1444,sony,Sony Xperia 10 II,android,2025,27999.0,339.0,5.0,4,128,1,35955,6.1,,120,80,3,1080,2520,90,0,1,snapdragon,,8,2.0
1445,sony,Sony Xperia 10 III Lite 5G,android,2018,30990.0,376.0,5.0,6,64,1,45017,6.8,,120,80,3,1080,2520,60,1,1,snapdragon,,8,2.0
1446,sony,Sony Xperia 5 II,android,2024,69990.0,848.0,5.0,8,128,1,40146,6.7,,120,80,3,1080,2520,120,1,1,snapdragon,,8,2.84
1447,sony,Sony Xperia 5 IV 5G,android,2016,82199.0,996.0,5.0,8,256,1,49920,6.7,,120,120,3,1080,2520,120,1,1,snapdragon,,8,3.0
1448,sony,Sony Xperia Ace IV,android,2016,19990.0,242.0,5.0,8,128,1,49919,6.5,,500,160,2,1080,2400,120,0,1,snapdragon,,8,2.0
1449,sony,Sony Xperia L5 5G,android,2023,15990.0,194.0,5.0,4,64,1,40070,6.4,,130,80,3,720,1680,60,0,1,helio,,8,2.3
1450,sony,Sony Xperia Pro-I,android,2016,134999.0,1636.0,3.85,12,512,1,45041,6.4,,120,80,3,1644,3840,120,1,1,snapdragon,,8,2.84
1451,Sony,Xperia 1 IV 256GB,,2022,119999.0,1599.0,4.23,12,128,0,5109,6.7,185.0,12,12,3,1080,2400,60,1,1,Qualcomm,Snapdragon 8 Gen 1,8,2.98
1452,Sony,Xperia 1 V 256GB,,2023,124999.0,1699.0,4.47,12,128,0,4966,6.5,187.0,48,12,3,1080,2400,60,1,1,Qualcomm,Snapdragon 8 Gen 2,8,2.21
1453,Sony,Xperia 1 VI 256GB,,2024,129999.0,1799.0,4.32,12,128,0,4878,6.8,190.0,48,12,3,1080,2400,60,1,1,Qualcomm,Snapdragon 8 Gen 3,8,3.01
1454,Sony,Xperia 10 IV 128GB,,2022,49999.0,499.0,3.61,6,128,0,5039,6.5,161.0,12,8,3,1080,2400,60,1,1,Qualcomm,Snapdragon 695,8,1.86
1455,Sony,Xperia 10 V 128GB,,2023,54999.0,599.0,3.99,6,128,0,5148,6.5,164.0,48,8,3,1080,2400,60,1,1,Qualcomm,Snapdragon 695,8,2.16
1456,Sony,Xperia 10 VI 128GB,,2024,59999.0,699.0,4.03,6,128,0,5020,6.1,167.0,48,8,3,1080,2400,60,1,1,Qualcomm,Snapdragon 7 Gen 1,8,2.82
1457,Sony,Xperia 5 IV 128GB,,2022,89999.0,999.0,4.17,8,128,0,5143,6.1,172.0,12,12,3,1080,2400,60,1,1,Qualcomm,Snapdragon 8 Gen 1,8,2.95
1458,Sony,Xperia 5 V 128GB,,2023,94999.0,1099.0,4.06,8,128,0,5063,6.1,178.0,48,12,3,1080,2400,60,1,1,Qualcomm,Snapdragon 8 Gen 2,8,3.1
1459,Sony,Xperia 5 VI 128GB,,2024,99999.0,1199.0,3.76,8,128,0,4887,6.5,180.0,48,12,3,1080,2400,60,1,1,Qualcomm,Snapdragon 8 Gen 3,8,1.62
1460,tcl,TCL Ion X,android,2017,8990.0,109.0,5.0,3,32,1,30005,6.7,,130,50,1,720,1440,60,0,1,helio,,8,2.0
1461,Tecno,Camon 20 128GB,,2024,29999.0,349.0,4.09,6,128,0,4937,6.7,195.0,50,32,3,1080,2400,60,1,1,MediaTek,MediaTek Helio G99,8,2.48
1462,Tecno,Camon 20 Premier 512GB,,2024,74999.0,1049.0,4.29,12,128,0,5341,6.1,205.0,108,50,3,1080,2400,60,1,1,MediaTek,MediaTek Dimensity 8200,8,2.31
1463,Tecno,Camon 20 Pro 128GB,,2024,29999.0,349.0,4.46,6,128,0,5103,6.1,198.0,50,32,3,1080,2400,60,1,1,MediaTek,MediaTek Helio G99,8,3.07
1464,Tecno,Camon 20 Pro 5G 256GB,,2024,39999.0,499.0,4.23,8,128,0,5119,6.1,200.0,50,32,3,1080,2400,60,1,1,MediaTek,MediaTek Dimensity 810,8,1.73
1465,Tecno,Camon 20s 256GB,,2024,34999.0,449.0,3.96,8,128,0,5054,6.7,200.0,50,32,3,1080,2400,60,1,1,MediaTek,MediaTek Helio G99,8,1.77
1466,Tecno,Camon 20s Pro 256GB,,2024,59999.0,899.0,4.08,12,128,0,5130,6.7,202.0,108,50,3,1080,2400,60,1,1,MediaTek,MediaTek Dimensity 810,8,2.71
1467,Tecno,Camon 20s Pro 5G 512GB,,2024,79999.0,1099.0,3.6,12,128,0,5234,6.8,202.0,108,50,3,1080,2400,60,1,1,MediaTek,MediaTek Dimensity 9200,8,2.09
1468,Tecno,Camon 30 128GB,,2024,29999.0,349.0,3.52,6,128,0,4966,6.1,195.0,50,32,3,1080,2400,60,1,1,MediaTek,MediaTek Helio G99,8,2.19
1469,Tecno,Camon 30 5G 256GB,,2024,39999.0,499.0,3.6,8,128,0,4951,6.1,198.0,50,32,3,1080,2400,60,1,1,MediaTek,MediaTek Dimensity 810,8,2.14
1470,Tecno,Camon 30 Premier 512GB,,2024,89999.0,1199.0,4.14,12,128,0,5152,6.4,210.0,108,50,3,1080,2400,60,1,1,MediaTek,MediaTek Dimensity 9200,8,2.78
1471,Tecno,Camon 30 Pro 512GB,,2024,64999.0,899.0,3.86,12,128,0,5069,6.5,205.0,64,50,3,1080,2400,60,1,1,MediaTek,MediaTek Dimensity 8200,8,2.41
1472,Tecno,Camon 30S 256GB,,2024,39999.0,499.0,3.66,8,128,0,5149,6.1,198.0,50,32,3,1080,2400,60,1,1,MediaTek,MediaTek Dimensity 810,8,2.51
1473,Tecno,Camon 30S Pro 512GB,,2024,79999.0,1099.0,3.83,12,128,0,5235,6.5,202.0,108,50,3,1080,2400,60,1,1,MediaTek,MediaTek Dimensity 9200,8,2.69
1474,Tecno,Megapad 11 256GB,,2024,29999.0,349.0,4.02,8,128,0,7927,6.4,450.0,50,13,3,1080,2400,60,1,1,MediaTek,MediaTek G99,8,1.96
1475,Tecno,Megapad 128GB,,2024,24999.0,299.0,3.94,6,128,0,7407,6.4,420.0,50,12,3,1080,2400,60,1,1,MediaTek,MediaTek Helio G80,8,1.63
1476,Tecno,Phantom V Flip2 256GB,,2024,79999.0,999.0,3.28,8,128,0,4207,6.4,195.0,50,32,3,1080,2400,60,1,1,MediaTek,MediaTek Dimensity 8050,8,2.82
1477,Tecno,Phantom V Fold2 512GB,,2024,169999.0,1799.0,3.74,12,128,0,5626,6.7,280.0,64,32,3,1080,2400,60,1,1,MediaTek,MediaTek Dimensity 9200+,8,2.86
1478,Tecno,Pop 8 64GB,,2024,6999.0,89.0,4.01,3,128,0,4976,6.5,195.0,8,5,3,1080,2400,60,1,1,Unknown,Unisoc SC9832E,8,2.74
1479,Tecno,Pop 9 4G 64GB,,2024,7499.0,99.0,3.5,3,128,0,5138,6.8,195.0,8,5,3,1080,2400,60,1,1,Unknown,Unisoc SC9863A,8,2.48
1480,Tecno,Pop 9 64GB,,2024,6999.0,89.0,4.3,3,128,0,5116,6.5,190.0,8,5,3,1080,2400,60,1,1,Unknown,Unisoc SC9832E,8,2.82
1481,Tecno,Pova 5 256GB,,2024,24999.0,329.0,4.18,8,128,0,5890,6.1,230.0,50,16,3,1080,2400,60,1,1,MediaTek,MediaTek Helio G99,8,2.21
1482,Tecno,Pova 5G 512GB,,2024,54999.0,699.0,4.11,8,128,0,5960,6.1,240.0,50,32,3,1080,2400,60,1,1,MediaTek,MediaTek Dimensity 900,8,2.3
1483,Tecno,Pova 6 Neo 256GB,,2024,22999.0,299.0,4.5,8,128,0,6058,6.8,230.0,50,16,3,1080,2400,60,1,1,MediaTek,MediaTek Helio G99,8,2.91
1484,Tecno,Pova 6 Neo 5G 256GB,,2024,29999.0,349.0,3.91,8,128,0,6142,6.4,225.0,50,16,3,1080,2400,60,1,1,MediaTek,MediaTek Dimensity 810,8,2.33
1485,Tecno,Pova 6 Pro 512GB,,2024,79999.0,1099.0,3.81,12,128,0,6070,6.1,230.0,64,32,3,1080,2400,60,1,1,MediaTek,MediaTek Dimensity 8100,8,2.1
1486,Tecno,Spark 20 128GB,,2024,12999.0,179.0,3.08,4,128,0,4904,6.5,192.0,50,16,3,1080,2400,60,1,1,MediaTek,MediaTek Helio G85,8,1.62
1487,Tecno,Spark 20 Pro 128GB,,2024,14999.0,199.0,4.57,6,128,0,5080,6.4,195.0,50,16,3,1080,2400,60,1,1,MediaTek,MediaTek Helio G85,8,2.3
1488,Tecno,Spark 20 Pro 5G 256GB,,2024,24999.0,329.0,4.04,8,128,0,5089,6.1,210.0,50,32,3,1080,2400,60,1,1,MediaTek,MediaTek Dimensity 810,8,2.4
1489,Tecno,Spark 20 Pro+ 256GB,,2024,19999.0,269.0,4.32,8,128,0,5146,6.1,210.0,50,32,3,1080,2400,60,1,1,MediaTek,MediaTek Helio G99,8,2.74
1490,Tecno,Spark 20C 128GB,,2024,11999.0,149.0,3.97,4,128,0,4876,6.5,190.0,50,16,3,1080,2400,60,1,1,MediaTek,MediaTek Helio G85,8,2.58
1491,Tecno,Spark 20P 128GB,,2024,13999.0,179.0,4.24,4,128,0,5092,6.5,195.0,50,16,3,1080,2400,60,1,1,MediaTek,MediaTek Helio G85,8,2.99
1492,Tecno,Spark 30 128GB,,2024,12999.0,179.0,3.68,4,128,0,4985,6.7,192.0,50,16,3,1080,2400,60,1,1,MediaTek,MediaTek Helio G85,8,2.98
1493,Tecno,Spark 30 5G 128GB,,2024,16999.0,229.0,4.42,6,128,0,4952,6.8,195.0,50,16,3,1080,2400,60,1,1,MediaTek,MediaTek Dimensity 6020,8,2.82
1494,Tecno,Spark 30 Pro 256GB,,2024,19999.0,269.0,4.32,8,128,0,5332,6.7,205.0,50,32,3,1080,2400,60,1,1,MediaTek,MediaTek Helio G99,8,3.01
1495,Tecno,Spark 30C 128GB,,2024,11999.0,149.0,3.59,4,128,0,4904,6.1,190.0,50,16,3,1080,2400,60,1,1,MediaTek,MediaTek Helio G85,8,2.1
1496,Tecno,Spark 30C 5G 128GB,,2024,14999.0,199.0,3.72,6,128,0,5138,6.5,200.0,50,16,3,1080,2400,60,1,1,MediaTek,MediaTek Dimensity 6100+,8,1.78
1497,Tecno,Spark Go 1 64GB,,2024,7499.0,99.0,3.69,3,128,0,5028,6.1,195.0,8,5,3,1080,2400,60,1,1,Unknown,Unisoc SC9863A,8,2.64
1498,Tecno,Spark Go 1S 64GB,,2024,9999.0,129.0,4.65,4,128,0,5098,6.1,190.0,13,8,3,1080,2400,60,1,1,MediaTek,MediaTek Helio A22,8,2.53
1499,Tecno,Spark Go 2024 64GB,,2024,7499.0,99.0,3.94,3,128,0,4950,6.7,195.0,8,5,3,1080,2400,60,1,1,Unknown,Unisoc SC9863A,8,2.94
1500,tecno,Tecno Camon 18,android,2024,11499.0,139.0,5.0,4,128,0,49948,6.1,,480,160,3,1080,2460,90,0,1,helio,,8,2.0
1501,tecno,Tecno Camon 19,android,2025,14746.0,179.0,5.0,6,128,1,49922,6.4,,640,160,3,1080,2460,60,0,1,helio,,8,2.0
1502,tecno,Tecno Camon 19 Neo,android,2017,14999.0,182.0,5.0,6,128,0,49912,6.4,,480,320,3,1080,2400,90,0,1,helio,,8,2.0
1503,tecno,Tecno Camon 19 Pro,android,2022,17990.0,218.0,5.0,8,128,0,49994,6.5,,640,320,3,1080,2460,120,0,1,helio,,8,2.05
1504,tecno,Tecno Camon 19 Pro 5G,android,2023,21999.0,267.0,5.0,8,128,0,49861,6.5,,640,160,3,1080,2460,120,1,1,dimensity,,8,2.4
1505,tecno,Tecno Camon 19 Pro Mondrian Edition,android,2025,17999.0,218.0,5.0,8,128,1,49992,6.5,,640,320,3,1080,2460,120,0,1,helio,,8,2.05
1506,tecno,Tecno Camon 20 Premier,android,2019,20999.0,255.0,5.0,6,128,0,49944,6.4,,500,160,3,1080,2460,120,1,1,dimensity,,8,2.2
1507,tecno,Tecno Phantom X,android,2016,25999.0,315.0,5.0,8,256,0,46878,6.1,,500,480,3,1080,2340,90,0,1,helio,,8,2.05
1508,tecno,Tecno Phantom X Pro,android,2025,22999.0,279.0,5.0,8,256,0,50016,6.7,,500,480,4,1080,2400,120,0,1,helio,,8,2.05
1509,tecno,Tecno Phantom X2,android,2022,39999.0,485.0,5.0,8,256,0,51460,6.1,,640,320,3,1080,2400,120,1,1,dimensity,,8,3.05
1510,tecno,Tecno Phantom X2 Pro,android,2020,49999.0,606.0,5.0,12,256,0,51579,6.8,,500,320,3,1080,2400,120,1,1,dimensity,,8,3.05
1511,tecno,Tecno Pop 5 Go,android,2020,6999.0,85.0,4.19,1,16,1,39968,6.5,,50,50,2,720,1520,60,0,0,spreadtrum,,4,1.3
1512,tecno,Tecno Pop 6 Pro,android,2016,6299.0,76.0,3.47,2,32,1,49874,6.1,,80,50,2,720,1600,60,0,0,helio,,4,2.0
1513,tecno,Tecno Pova 2,android,2016,10999.0,133.0,5.0,4,64,1,70071,6.4,,480,80,4,1080,2460,60,0,1,helio,,8,2.0
1514,tecno,Tecno Pova 3,android,2016,9999.0,121.0,5.0,4,64,1,70000,6.8,,500,80,3,1080,2460,90,0,1,helio,,8,2.0
1515,tecno,Tecno Pova 3 (6GB RAM + 128GB),android,2016,13799.0,167.0,5.0,6,128,1,69916,6.1,,500,80,3,1080,2460,90,0,1,helio,,8,2.0
1516,tecno,Tecno Pova 4,android,2016,11999.0,145.0,5.0,8,128,1,59923,6.7,,500,80,2,720,1600,90,0,1,helio,,8,2.2
1517,tecno,Tecno Pova 4 Pro,android,2016,15999.0,194.0,5.0,8,256,1,60049,6.8,,500,80,2,720,1600,90,0,1,helio,,8,2.2
1518,tecno,Tecno Pova 5G,android,2017,15499.0,188.0,5.0,8,128,1,59856,6.8,,500,160,3,1080,2460,120,1,1,dimensity,,8,2.4
1519,tecno,Tecno Pova Neo 2,android,2019,13990.0,170.0,5.0,6,128,1,69948,6.5,,160,80,2,720,1600,90,0,0,helio,,8,2.0
1520,tecno,Tecno Pova Neo 5G,android,2022,15499.0,188.0,5.0,4,128,1,59923,6.4,,500,80,2,1080,2400,120,0,1,dimensity,,8,2.4
1521,tecno,Tecno Spark 8 (4GB RAM + 64GB),android,2023,8999.0,109.0,5.0,4,64,1,50081,6.4,,160,80,2,720,1600,60,0,0,helio,,8,1.8
1522,tecno,Tecno Spark 8 Pro,android,2020,8799.0,107.0,5.0,4,64,1,49854,6.7,,480,80,3,1080,2460,60,0,1,helio,,8,2.0
1523,tecno,Tecno Spark 8C,android,2021,7399.0,90.0,5.0,3,64,1,49937,6.7,,130,80,2,720,1612,90,0,0,unisoc,,8,2.0
1524,tecno,Tecno Spark 8C (4GB RAM + 64GB),android,2018,8890.0,108.0,5.0,4,64,1,49943,6.8,,130,80,2,720,1612,90,0,0,unisoc,,8,2.0
1525,tecno,Tecno Spark 8T,android,2017,7999.0,97.0,5.0,4,64,1,50055,6.4,,500,80,2,720,1600,60,0,0,helio,,8,2.3
1526,tecno,Tecno Spark 9,android,2025,8999.0,109.0,5.0,6,128,1,49853,6.5,,130,80,2,720,1600,90,0,0,helio,,8,2.3
1527,tecno,Tecno Spark 9 (3GB RAM + 64GB),android,2024,8390.0,102.0,5.0,3,64,1,50013,6.7,,130,80,2,720,1600,90,0,0,helio,,8,2.3
1528,tecno,Tecno Spark 9 (4GB RAM + 64GB),android,2019,7999.0,97.0,5.0,4,64,1,49889,6.4,,130,80,2,720,1600,90,0,0,helio,,8,2.3
1529,tecno,Tecno Spark 9 Pro,android,2025,9999.0,121.0,5.0,4,64,1,50066,6.8,,480,320,3,1080,2460,90,0,1,helio,,8,2.0
1530,tecno,Tecno Spark 9T,android,2022,8968.0,109.0,5.0,4,64,1,49885,6.4,,500,80,3,1080,2408,60,0,1,helio,,8,2.3
1531,tecno,Tecno Spark Go 2022,android,2021,6249.0,76.0,5.0,2,32,1,50014,6.1,,130,80,2,720,1600,60,0,0,Unknown,,8,2.2
1532,tecno,Tecno Spark Go 2023,android,2025,6999.0,85.0,5.0,3,32,1,50018,6.5,,130,50,2,720,1600,60,0,1,helio,,4,2.0
1533,tesla,Tesla Pi Phone,android,2022,69999.0,848.0,5.0,16,512,0,50053,6.4,,500,320,3,1080,2448,165,1,1,Unknown,,8,2.83
1534,vertu,Vertu Signature Touch,android,2016,650000.0,7879.0,5.0,2,64,0,22870,6.4,,130,20,1,1080,1920,60,0,0,snapdragon,,8,1.5
1535,Vivo,iQOO 12 256GB,,2024,64999.0,699.0,4.55,16,128,0,4943,6.4,210.0,50,16,3,1080,2400,60,1,1,Qualcomm,Snapdragon 8 Gen 3,8,2.86
1536,Vivo,Pad 128GB,,2022,34999.0,329.0,4.54,6,128,0,7977,6.5,498.0,13,8,3,1080,2400,60,1,1,Qualcomm,Snapdragon 870,8,2.14
1537,Vivo,Pad 2 256GB,,2023,39999.0,399.0,3.66,8,128,0,8098,6.5,535.0,50,8,3,1080,2400,60,1,1,MediaTek,MediaTek Dimensity 1200,8,1.97
1538,Vivo,Pad 3 128GB,,2023,34999.0,349.0,4.01,6,128,0,8127,6.1,500.0,13,8,3,1080,2400,60,1,1,Qualcomm,Snapdragon 750G,8,2.97
1539,Vivo,Pad 3 Pro 256GB,,2023,45999.0,449.0,3.54,8,128,0,8067,6.1,550.0,50,8,3,1080,2400,60,1,1,Qualcomm,Snapdragon 888,8,1.97
1540,Vivo,Pad 4 Pro 256GB,,2024,49999.0,499.0,4.35,8,128,0,8178,6.4,560.0,50,8,3,1080,2400,60,1,1,MediaTek,MediaTek Dimensity 9000,8,2.91
1541,Vivo,Pad Air 128GB,,2023,31999.0,279.0,4.59,6,128,0,7982,6.4,510.0,13,8,3,1080,2400,60,1,1,Qualcomm,Snapdragon 870,8,2.02
1542,Vivo,S1 Pro 128GB,,2019,19990.0,249.0,3.7,6,128,0,4421,6.8,185.0,48,32,3,1080,2400,60,1,1,MediaTek,MediaTek Helio P65,8,1.96
1543,Vivo,S1 Pro 256GB,,2019,24990.0,269.0,3.88,6,128,0,4561,6.5,185.0,48,32,3,1080,2400,60,1,1,MediaTek,MediaTek Helio P65,8,2.85
1544,Vivo,S18 Pro 256GB,,2024,59999.0,599.0,4.21,12,128,0,4721,6.4,189.0,108,32,3,1080,2400,60,1,1,Qualcomm,Snapdragon 8 Gen 2,8,2.39
1545,Vivo,T1 5G 128GB,,2022,17999.0,269.0,4.21,6,128,0,4952,6.8,181.0,50,16,3,1080,2400,60,1,1,Qualcomm,Qualcomm Snapdragon 695,8,1.95
1546,Vivo,T1 5G 256GB,,2022,21999.0,319.0,4.55,8,128,0,5096,6.7,181.0,50,16,3,1080,2400,60,1,1,Qualcomm,Qualcomm Snapdragon 695,8,2.48
1547,Vivo,T2 Series 128GB,,2023,15999.0,299.0,3.95,8,128,0,4526,6.7,190.0,64,16,3,1080,2400,60,1,1,Qualcomm,Qualcomm Snapdragon 695,8,1.61
1548,Vivo,T2 Series 256GB,,2023,18999.0,349.0,3.53,8,128,0,4391,6.8,190.0,64,16,3,1080,2400,60,1,1,Qualcomm,Qualcomm Snapdragon 695,8,2.32
1549,Vivo,T3 5G 128GB,,2024,34999.0,349.0,4.39,8,128,0,4909,6.5,180.0,50,16,3,1080,2400,60,1,1,Qualcomm,Snapdragon 870,8,1.77
1550,Vivo,V15 128GB,,2019,22990.0,299.0,4.78,6,128,0,3909,6.7,190.0,48,32,3,1080,2400,60,1,1,MediaTek,MediaTek Helio P70,8,2.78
1551,Vivo,V15 256GB,,2019,26990.0,319.0,3.77,6,128,0,3948,6.8,190.0,48,32,3,1080,2400,60,1,1,MediaTek,MediaTek Helio P70,8,2.91
1552,Vivo,V15 Pro 128GB,,2019,25999.0,399.0,4.45,6,128,0,3662,6.1,185.0,48,32,3,1080,2400,60,1,1,Qualcomm,Qualcomm Snapdragon 675,8,2.42
1553,Vivo,V15 Pro 256GB,,2019,29999.0,449.0,4.35,6,128,0,3769,6.4,185.0,48,32,3,1080,2400,60,1,1,Qualcomm,Qualcomm Snapdragon 675,8,1.72
1554,Vivo,V17 Pro 128GB,,2019,27990.0,399.0,3.76,8,128,0,4074,6.8,201.0,48,32,3,1080,2400,60,1,1,Qualcomm,Qualcomm Snapdragon 675,8,1.74
1555,Vivo,V17 Pro 256GB,,2019,33990.0,429.0,3.7,8,128,0,4142,6.5,201.0,48,32,3,1080,2400,60,1,1,Qualcomm,Qualcomm Snapdragon 675,8,2.3
1556,Vivo,V19 128GB,,2020,27990.0,399.0,3.59,8,128,0,4423,6.4,176.0,48,32,3,1080,2400,60,1,1,Qualcomm,Qualcomm Snapdragon 712,8,1.66
1557,Vivo,V19 256GB,,2020,31990.0,429.0,4.21,8,128,0,4395,6.4,176.0,48,32,3,1080,2400,60,1,1,Qualcomm,Qualcomm Snapdragon 712,8,1.68
1558,Vivo,V20 Pro 128GB,,2020,25999.0,499.0,3.93,8,128,0,4124,6.8,173.0,64,44,3,1080,2400,60,1,1,Qualcomm,Qualcomm Snapdragon 765G,8,2.34
1559,Vivo,V20 Pro 256GB,,2020,29999.0,549.0,4.31,8,128,0,4015,6.5,173.0,64,44,3,1080,2400,60,1,1,Qualcomm,Qualcomm Snapdragon 765G,8,2.45
1560,Vivo,V23 5G 128GB,,2022,27999.0,499.0,3.15,8,128,0,4259,6.1,179.0,64,50,3,1080,2400,60,1,1,MediaTek,MediaTek Dimensity 920,8,2.25
1561,Vivo,V23 5G 256GB,,2022,32999.0,549.0,4.23,8,128,0,4209,6.4,179.0,64,50,3,1080,2400,60,1,1,MediaTek,MediaTek Dimensity 920,8,2.78
1562,Vivo,V23e 128GB,,2021,20999.0,299.0,4.87,8,128,0,4002,6.8,172.0,64,50,3,1080,2400,60,1,1,MediaTek,MediaTek Helio G96,8,3.08
1563,Vivo,V23e 256GB,,2021,24999.0,349.0,3.59,8,128,0,3934,6.5,172.0,64,50,3,1080,2400,60,1,1,MediaTek,MediaTek Helio G96,8,3.07
1564,Vivo,V25 Pro 128GB,,2022,25999.0,599.0,4.04,8,128,0,4869,6.8,190.0,64,32,3,1080,2400,60,1,1,MediaTek,MediaTek Dimensity 1300,8,3.01
1565,Vivo,V25 Pro 256GB,,2022,29999.0,649.0,4.21,8,128,0,4861,6.1,190.0,64,32,3,1080,2400,60,1,1,MediaTek,MediaTek Dimensity 1300,8,2.68
1566,Vivo,V27 128GB,,2023,29999.0,599.0,4.31,8,128,0,4739,6.7,182.0,50,50,3,1080,2400,60,1,1,MediaTek,MediaTek Dimensity 8200,8,2.34
1567,Vivo,V27 256GB,,2023,32999.0,649.0,4.38,8,128,0,4492,6.8,182.0,50,50,3,1080,2400,60,1,1,MediaTek,MediaTek Dimensity 8200,8,2.18
1568,Vivo,V27 Pro 128GB,,2023,34999.0,699.0,4.74,8,128,0,4643,6.5,182.0,50,50,3,1080,2400,60,1,1,MediaTek,MediaTek Dimensity 8200,8,3.02
1569,Vivo,V27 Pro 256GB,,2023,37999.0,749.0,3.39,8,128,0,4733,6.8,182.0,50,50,3,1080,2400,60,1,1,MediaTek,MediaTek Dimensity 8200,8,2.87
1570,Vivo,V3 Max 32GB,,2016,13999.0,179.0,4.01,4,128,0,3008,6.7,168.0,13,8,3,1080,2400,60,1,1,Qualcomm,Snapdragon 652,8,2.43
1571,Vivo,V30 Pro 128GB,,2024,49999.0,549.0,3.72,12,128,0,4505,6.7,192.0,64,32,3,1080,2400,60,1,1,MediaTek,Dimensity 1100,8,2.82
1572,Vivo,V40e 128GB,,2024,44999.0,449.0,4.05,8,128,0,4191,6.4,179.0,64,44,3,1080,2400,60,1,1,Qualcomm,Snapdragon 778G,8,2.01
1573,Vivo,V5 Plus 64GB,,2017,22999.0,249.0,4.44,4,128,0,3115,6.5,158.0,16,208,3,1080,2400,60,1,1,Qualcomm,Snapdragon 625,8,2.71
1574,Vivo,V9 64GB,,2018,19999.0,219.0,4.16,4,128,0,3177,6.4,150.0,16,24,3,1080,2400,60,1,1,Qualcomm,Snapdragon 626,8,2.55
1575,vivo,Vivo S1 Pro,android,2022,29999.0,364.0,5.0,8,128,1,45046,6.5,,480,320,4,1080,2340,60,0,1,snapdragon,,8,2.0
1576,vivo,Vivo S16,android,2022,29990.0,364.0,5.0,8,128,0,46050,6.7,,640,500,3,1080,2400,120,1,1,snapdragon,,8,3.2
1577,vivo,Vivo S16 Pro,android,2022,35499.0,430.0,5.0,8,256,0,45873,6.7,,500,500,3,1080,2400,120,1,1,dimensity,,8,3.1
1578,vivo,Vivo S17 Pro,android,2016,49990.0,606.0,5.0,12,256,0,49952,6.8,,500,320,3,1080,2400,120,1,1,dimensity,,8,1.85
1579,vivo,Vivo T1 44W,android,2017,14499.0,176.0,5.0,4,128,1,50009,6.5,,500,160,3,1080,2408,60,0,1,snapdragon,,8,2.4
1580,vivo,Vivo T1 44W (6GB RAM + 128GB),android,2025,15999.0,194.0,5.0,6,128,1,50014,6.1,,500,160,3,1080,2408,60,0,1,snapdragon,,8,2.4
1581,vivo,Vivo T1 44W (8GB RAM + 128GB),android,2025,17999.0,218.0,5.0,8,128,1,50081,6.1,,500,160,3,1080,2408,60,0,1,snapdragon,,8,2.4
1582,vivo,Vivo T1 5G,android,2022,15990.0,194.0,5.0,4,128,1,49962,6.1,,500,160,3,1080,2408,120,1,1,snapdragon,,8,2.2
1583,vivo,Vivo T1 5G (6GB RAM + 128GB),android,2020,16990.0,206.0,5.0,6,128,1,49892,6.5,,500,160,3,1080,2408,120,1,1,snapdragon,,8,2.2
1584,vivo,Vivo T1 5G (8GB RAM + 128GB),android,2024,19990.0,242.0,5.0,8,128,1,49868,6.7,,500,160,3,1080,2408,120,1,1,snapdragon,,8,2.2
1585,vivo,Vivo T1 Pro,android,2016,23999.0,291.0,5.0,6,128,1,46975,6.7,,640,160,3,1080,2404,90,1,1,snapdragon,,8,2.4
1586,vivo,Vivo T1 Pro 5G (8GB RAM + 128GB),android,2018,24999.0,303.0,5.0,8,128,1,47143,6.8,,640,160,3,1080,2404,90,1,1,snapdragon,,8,2.4
1587,vivo,Vivo T1x (4GB RAM + 128GB),android,2018,12999.0,158.0,5.0,4,128,1,50114,6.7,,500,80,2,1080,2408,90,0,1,snapdragon,,8,2.4
1588,vivo,Vivo T1x (6GB RAM + 128GB),android,2021,14999.0,182.0,5.0,6,128,1,50135,6.7,,500,80,2,1080,2408,90,0,1,snapdragon,,8,2.4
1589,vivo,Vivo T1x 4G,android,2024,11999.0,145.0,5.0,4,64,1,50130,6.1,,500,80,2,1080,2408,90,0,1,snapdragon,,8,2.4
1590,vivo,Vivo T2 5G,android,2016,24990.0,303.0,5.0,8,128,1,46951,6.8,,640,160,3,1080,2400,120,1,1,snapdragon,,8,3.2
1591,vivo,Vivo T2 Pro 5G,android,2025,29990.0,364.0,5.0,8,128,1,44854,6.1,,500,160,3,1080,2408,90,1,1,snapdragon,,8,3.05
1592,vivo,Vivo T2x 5G,android,2019,18990.0,230.0,5.0,8,128,0,59970,6.8,,500,160,2,1080,2408,120,1,1,dimensity,,8,3.0
1593,vivo,Vivo T3 Pro,android,2020,31990.0,388.0,5.0,8,256,1,46980,6.7,,640,320,3,1080,2408,120,1,1,snapdragon,,8,2.7
1594,vivo,Vivo U3,android,2019,9990.0,121.0,5.0,4,64,1,49951,6.1,,160,160,3,1080,2340,60,0,1,snapdragon,,8,2.0
1595,vivo,Vivo U3 (6GB RAM + 64GB),android,2021,11990.0,145.0,5.0,6,64,1,49936,6.4,,160,160,3,1080,2340,60,0,1,snapdragon,,8,2.0
1596,vivo,Vivo U3x,android,2017,8990.0,109.0,5.0,6,64,0,49917,6.5,,130,80,2,1080,2408,90,1,1,snapdragon,,8,2.0
1597,vivo,Vivo V11i,android,2018,20990.0,254.0,5.0,4,128,1,33018,6.1,,160,250,2,1080,2280,60,0,0,helio,,8,2.0
1598,vivo,Vivo V15 Pro (8GB RAM +128GB),android,2023,25000.0,303.0,5.0,8,128,1,37134,6.1,,480,320,3,1080,2316,60,0,1,snapdragon,,8,2.0
1599,vivo,Vivo V19 (8GB RAM + 256GB),android,2018,27990.0,339.0,5.0,8,256,1,45149,6.5,,480,320,4,1080,2400,60,0,1,snapdragon,,8,2.3
1600,vivo,Vivo V20,android,2018,23269.0,282.0,5.0,8,128,1,40086,6.7,,640,440,3,1080,2400,60,0,1,snapdragon,,8,2.3
1601,vivo,Vivo V20 Pro,android,2016,27000.0,327.0,5.0,8,128,0,39907,6.7,,640,440,3,1080,2400,60,1,1,snapdragon,,8,2.4
1602,vivo,Vivo V20 SE,android,2024,19000.0,230.0,5.0,8,128,1,41019,6.8,,480,320,3,1080,2400,60,0,1,snapdragon,,8,2.0
1603,vivo,Vivo V21,android,2022,24999.0,303.0,5.0,8,128,1,39853,6.8,,640,440,3,1080,2400,90,0,1,dimensity,,8,2.4
1604,vivo,Vivo V21 5G,android,2021,23994.0,291.0,5.0,8,128,1,39961,6.8,,640,440,3,1080,2400,90,1,1,dimensity,,8,2.4
1605,vivo,Vivo V21 Pro,android,2021,32999.0,400.0,5.0,8,128,0,42901,6.8,,640,440,4,1080,2400,60,1,1,snapdragon,,8,2.4
1606,vivo,Vivo V21s,android,2024,29999.0,364.0,5.0,8,128,1,39860,6.4,,640,440,3,1080,2400,90,1,1,dimensity,,8,2.4
1607,vivo,Vivo V23 5G,android,2020,24994.0,303.0,5.0,8,128,0,41952,6.7,,640,500,3,1080,2400,90,1,1,dimensity,,8,2.5
1608,vivo,Vivo V23 5G (12GB RAM + 256GB),android,2020,27994.0,339.0,5.0,12,256,1,42120,6.8,,640,500,3,1080,2400,90,1,1,dimensity,,8,2.5
1609,vivo,Vivo V23 Pro 5G,android,2023,31994.0,388.0,5.0,8,128,0,43002,6.8,,1080,500,3,1080,2376,90,1,1,dimensity,,8,3.0
1610,vivo,Vivo V23 Pro 5G (12GB RAM + 256GB),android,2017,36994.0,448.0,5.0,12,256,0,42958,6.5,,1080,500,3,1080,2376,90,1,1,dimensity,,8,3.0
1611,vivo,Vivo V23e,android,2016,26990.0,327.0,5.0,8,128,0,40472,6.4,,640,500,3,1080,2400,60,0,1,helio,,8,2.05
1612,vivo,Vivo V23e 5G,android,2021,21994.0,267.0,5.0,8,128,1,40499,6.4,,500,440,3,1080,2400,60,1,1,dimensity,,8,2.4
1613,vivo,Vivo V25 (12GB RAM + 256GB),android,2021,31999.0,388.0,5.0,12,256,1,45063,6.7,,640,500,3,1080,2408,90,1,1,dimensity,,8,2.0
1614,vivo,Vivo V25 5G,android,2024,27999.0,339.0,5.0,8,128,1,45142,6.5,,640,500,3,1080,2408,90,1,1,dimensity,,8,2.0
1615,vivo,Vivo V25 Pro (12GB RAM + 256GB),android,2025,39999.0,485.0,5.0,12,256,0,48201,6.8,,640,320,3,1080,2376,120,1,1,dimensity,,8,3.0
1616,vivo,Vivo V25 Pro 5G,android,2018,35999.0,436.0,5.0,8,128,0,48256,6.1,,640,320,3,1080,2376,120,1,1,dimensity,,8,3.0
1617,vivo,Vivo V25e,android,2024,19990.0,242.0,5.0,8,256,1,45082,6.8,,640,320,3,1080,2400,90,0,1,helio,,8,2.2
1618,vivo,Vivo V26 Pro,android,2018,42990.0,521.0,5.0,12,256,0,48015,6.5,,640,320,3,1080,2400,120,1,1,dimensity,,8,3.2
1619,vivo,Vivo V27,android,2016,27990.0,339.0,5.0,8,256,1,46880,6.1,,640,500,3,1080,2400,120,1,1,dimensity,,8,2.2
1620,vivo,Vivo V27 Pro,android,2023,43999.0,533.0,5.0,12,256,0,50026,6.7,,1080,320,3,1080,2400,144,1,1,dimensity,,8,3.2
1621,vivo,Vivo V28,android,2021,28990.0,351.0,5.0,8,256,1,50101,6.5,,1080,320,3,1080,2400,120,1,1,snapdragon,,8,2.2
1622,vivo,Vivo V29,android,2023,32990.0,400.0,5.0,8,256,1,50083,6.1,,640,320,3,1080,2400,120,1,1,snapdragon,,8,2.4
1623,vivo,Vivo X Fold 2,android,2019,119990.0,1454.0,4.34,12,256,0,48105,6.7,,500,320,3,1916,2160,120,1,1,snapdragon,,8,3.2
1624,vivo,Vivo X Fold 5G,android,2022,106990.0,1297.0,3.65,12,256,0,45913,6.1,,500,160,4,1916,2160,120,1,1,snapdragon,,8,3.0
1625,vivo,Vivo X Fold 5G (12GB RAM + 512GB),android,2022,118990.0,1442.0,4.23,12,512,0,45850,6.4,,500,160,4,1916,2160,120,1,1,snapdragon,,8,3.0
1626,vivo,Vivo X Fold Plus,android,2024,113990.0,1382.0,3.69,12,256,0,47432,6.5,,500,160,4,1916,2160,120,1,1,snapdragon,,8,3.2
1627,vivo,Vivo X Note 5G (12GB RAM + 512GB),android,2018,82990.0,1006.0,3.97,12,512,0,49961,6.4,,500,160,4,1440,3080,120,1,1,snapdragon,,8,3.0
1628,vivo,Vivo X80 5G,android,2019,54999.0,667.0,5.0,8,128,0,45066,6.8,,500,320,3,1080,2400,120,1,1,dimensity,,8,3.05
1629,vivo,Vivo X80 5G (12GB RAM + 256GB),android,2019,59999.0,727.0,5.0,12,256,0,45063,6.5,,500,320,3,1080,2400,120,1,1,dimensity,,8,3.05
1630,vivo,Vivo X80 Pro 5G,android,2025,79999.0,970.0,4.2,12,256,0,46880,6.8,,500,320,4,1440,3200,120,1,1,snapdragon,,8,3.0
1631,vivo,Vivo X80 Pro Plus 5G,android,2022,82990.0,1006.0,4.5,12,256,0,45139,6.4,,500,320,4,1440,3200,120,1,1,snapdragon,,8,3.2
1632,vivo,Vivo X90 5G,android,2022,41990.0,509.0,5.0,8,128,0,48243,6.5,,500,320,3,1260,2800,120,1,1,dimensity,,8,3.05
1633,vivo,Vivo X90 Pro 5G,android,2024,56999.0,691.0,4.17,8,256,0,48849,6.8,,503,320,3,1260,2800,120,1,1,dimensity,,8,3.05
1634,vivo,Vivo X90 Pro Plus 5G,android,2023,73999.0,897.0,3.96,12,256,0,46943,6.8,,503,320,4,1440,3200,120,1,1,snapdragon,,8,3.2
1635,vivo,Vivo Y01,android,2016,7999.0,97.0,5.0,2,32,1,50084,6.1,,80,50,1,720,1600,60,0,0,helio,,8,2.3
1636,vivo,Vivo Y01A,android,2017,7790.0,94.0,5.0,2,32,1,49895,6.8,,80,50,1,720,1600,60,0,1,helio,,8,2.3
1637,vivo,Vivo Y02,android,2021,8999.0,109.0,3.14,3,32,1,49889,6.7,,80,50,1,720,1600,60,0,1,helio,,8,2.18
1638,vivo,Vivo Y02 (2GB RAM + 32GB),android,2024,7999.0,97.0,4.48,2,32,1,50023,6.4,,80,50,1,720,1600,60,0,1,helio,,8,2.06
1639,vivo,Vivo Y02s,android,2017,8990.0,109.0,5.0,3,32,1,49852,6.7,,80,50,1,720,1600,60,0,1,helio,,8,2.3
1640,vivo,Vivo Y10,android,2019,12490.0,151.0,5.0,4,128,0,49879,6.4,,130,80,2,720,1600,60,0,0,helio,,8,2.3
1641,vivo,Vivo Y100,android,2023,29990.0,364.0,5.0,8,128,0,49903,6.5,,500,500,3,1080,2400,120,1,1,dimensity,,8,2.4
1642,vivo,Vivo Y11 (2019),android,2016,9490.0,115.0,5.0,3,32,1,49996,6.4,,130,80,2,720,1544,60,0,0,snapdragon,,8,2.0
1643,vivo,Vivo Y12 (3GB RAM + 64GB),android,2022,11000.0,133.0,5.0,3,64,1,49885,6.7,,130,80,3,720,1544,60,0,0,helio,,8,2.0
1644,vivo,Vivo Y12a,android,2016,9999.0,121.0,5.0,3,32,1,50011,6.4,,130,80,2,720,1600,60,0,0,snapdragon,,8,2.0
1645,vivo,Vivo Y12G (3GB RAM + 64GB),android,2018,11990.0,145.0,5.0,3,64,1,50014,6.7,,130,80,3,720,1600,60,0,0,snapdragon,,8,2.0
1646,vivo,Vivo Y15,android,2023,12500.0,152.0,5.0,4,64,1,50097,6.1,,130,160,3,720,1544,60,0,0,helio,,8,2.0
1647,vivo,Vivo Y15C,android,2016,8499.0,103.0,5.0,3,32,1,50119,6.8,,130,80,2,720,1600,60,0,0,helio,,8,2.3
1648,vivo,Vivo Y15C (3GB RAM + 64GB),android,2017,10490.0,127.0,5.0,3,64,1,50045,6.4,,130,80,2,720,1600,60,0,0,helio,,8,2.3
1649,vivo,Vivo Y15s,android,2020,8499.0,103.0,5.0,3,32,1,49988,6.5,,130,80,2,720,1600,60,0,0,helio,,8,2.3
1650,vivo,Vivo Y16,android,2021,9999.0,121.0,5.0,3,32,1,49961,6.1,,130,50,2,720,1600,60,0,1,helio,,8,2.3
1651,vivo,Vivo Y16 (3GB RAM + 64GB),android,2024,10499.0,127.0,5.0,3,64,1,50080,6.7,,130,50,2,720,1600,60,0,1,helio,,8,2.3
1652,vivo,Vivo Y16 (4GB RAM + 64GB),android,2017,12489.0,151.0,5.0,4,64,1,50010,6.4,,130,50,2,720,1600,60,0,1,helio,,8,2.3
1653,vivo,Vivo Y19,android,2019,20000.0,242.0,5.0,4,128,1,49885,6.7,,160,160,3,1080,2340,60,0,1,helio,,8,2.0
1654,vivo,Vivo Y20G,android,2017,13990.0,170.0,5.0,4,64,1,50010,6.7,,130,80,3,720,1600,60,0,1,helio,,8,2.0
1655,vivo,Vivo Y21 (2020),android,2025,9990.0,121.0,5.0,4,64,1,50136,6.8,,130,130,2,720,1544,60,0,0,snapdragon,,8,1.8
1656,vivo,Vivo Y21 2021,android,2020,13489.0,164.0,5.0,4,64,1,50043,6.7,,130,80,2,720,1600,60,0,1,helio,,8,2.3
1657,vivo,Vivo Y21e,android,2024,12499.0,152.0,5.0,3,64,1,50046,6.8,,130,80,2,720,1600,60,0,1,snapdragon,,8,2.4
1658,vivo,Vivo Y21s,android,2018,14990.0,182.0,5.0,4,128,1,49920,6.8,,500,80,3,720,1600,60,0,1,helio,,8,2.0
1659,vivo,Vivo Y21T,android,2022,15499.0,188.0,5.0,4,128,1,50048,6.5,,500,80,3,1600,720,90,0,1,snapdragon,,8,2.4
1660,vivo,Vivo Y22,android,2020,14499.0,176.0,5.0,4,64,1,49936,6.8,,500,80,2,720,1612,60,0,1,helio,,8,2.0
1661,vivo,Vivo Y22 (6GB RAM + 128GB),android,2025,16499.0,200.0,5.0,6,128,1,50041,6.8,,500,80,2,720,1612,60,0,1,helio,,8,2.0
1662,vivo,Vivo Y22s,android,2018,14990.0,182.0,5.0,8,128,1,49915,6.1,,500,80,2,1612,720,90,0,1,snapdragon,,8,2.4
1663,vivo,Vivo Y25,android,2019,7499.0,91.0,3.69,1,16,1,19018,6.1,,50,20,1,480,854,60,0,0,helio,,4,1.3
1664,vivo,Vivo Y3 (4GB RAM + 128GB),android,2019,12990.0,157.0,5.0,4,128,1,49850,6.7,,130,160,3,720,1544,60,0,1,helio,,8,2.3
1665,vivo,Vivo Y33s,android,2018,16685.0,202.0,5.0,8,128,1,50122,6.7,,500,160,3,1080,2408,60,0,1,helio,,8,2.0
1666,vivo,Vivo Y33T,android,2024,15990.0,194.0,5.0,8,128,1,49894,6.5,,500,160,3,1080,2408,90,0,1,snapdragon,,8,2.4
1667,vivo,Vivo Y35,android,2018,18499.0,224.0,5.0,8,128,1,49983,6.5,,500,160,3,1080,2408,90,0,1,snapdragon,,8,2.4
1668,vivo,Vivo Y35 5G,android,2020,13999.0,170.0,5.0,4,128,1,50136,6.4,,130,50,2,720,1600,60,1,1,dimensity,,8,2.2
1669,vivo,Vivo Y53s,android,2025,15490.0,188.0,5.0,8,128,1,49945,6.8,,640,160,3,1080,2408,60,0,1,helio,,8,2.0
1670,vivo,Vivo Y53t,android,2022,11999.0,145.0,5.0,4,128,0,60008,6.8,,130,50,2,720,1600,60,1,1,dimensity,,8,2.0
1671,vivo,Vivo Y55 4G,android,2024,22990.0,279.0,5.0,8,128,1,49961,6.1,,500,160,3,1080,2400,120,0,1,snapdragon,,8,2.4
1672,vivo,Vivo Y55 5G,android,2020,20990.0,254.0,5.0,4,128,1,49877,6.5,,500,80,3,1080,2408,60,1,1,dimensity,,8,2.2
1673,vivo,Vivo Y55S,android,2021,13490.0,164.0,4.15,3,16,1,27158,6.5,,130,50,1,720,1280,60,0,0,snapdragon,,4,1.2
1674,vivo,Vivo Y55s 2023,android,2019,21999.0,267.0,5.0,4,128,1,50117,6.7,,500,80,3,1080,2408,60,1,1,dimensity,,8,2.2
1675,vivo,Vivo Y55s 5G,android,2022,19990.0,242.0,5.0,8,128,0,60117,6.5,,500,80,2,1080,2408,60,1,1,dimensity,,8,2.2
1676,vivo,Vivo Y71,android,2016,25000.0,303.0,3.82,3,16,1,33565,6.8,,130,50,1,720,1440,60,0,0,snapdragon,,4,1.4
1677,vivo,Vivo Y73 2021,android,2019,19990.0,242.0,5.0,8,128,1,39876,6.8,,640,160,3,1080,2400,60,0,1,helio,,8,2.05
1678,vivo,Vivo Y73T,android,2023,16990.0,206.0,5.0,8,128,0,60123,6.4,,500,80,2,1080,2408,60,1,1,dimensity,,8,2.0
1679,vivo,Vivo Y75 4G,android,2022,19990.0,242.0,5.0,8,128,1,40380,6.4,,500,440,3,1080,2400,60,0,1,helio,,8,2.05
1680,vivo,Vivo Y75 5G,android,2016,21990.0,267.0,5.0,8,128,1,50123,6.8,,500,160,3,1080,2408,60,1,1,dimensity,,8,2.2
1681,vivo,Vivo Y77 5G,android,2021,17990.0,218.0,5.0,6,128,1,44976,6.4,,500,80,2,1080,2388,120,1,1,dimensity,,8,2.2
1682,vivo,Vivo Y78 5G,android,2016,24990.0,303.0,5.0,8,128,0,44999,6.4,,500,160,3,1080,2400,90,1,1,dimensity,,8,3.0
1683,vivo,Vivo Y91c,android,2023,8199.0,99.0,4.66,2,32,1,40254,6.4,,130,50,1,720,1520,60,0,0,helio,,8,2.0
1684,vivo,Vivo Y93,android,2018,18000.0,218.0,5.0,4,32,1,40203,6.7,,130,80,2,1520,720,60,0,0,helio,,8,2.0
1685,vivo,Vivo Y95,android,2022,15000.0,182.0,5.0,4,64,1,40166,6.1,,130,200,2,1520,720,60,0,0,snapdragon,,8,1.95
1686,Vivo,X200 128GB,,2024,119999.0,999.0,3.67,12,128,0,6007,6.4,223.0,50,32,3,1080,2400,60,1,1,MediaTek,Dimensity 9400,8,2.96
1687,Vivo,X200 256GB,,2024,129999.0,1099.0,4.09,12,128,0,5890,6.8,223.0,50,32,3,1080,2400,60,1,1,MediaTek,Dimensity 9400,8,2.4
1688,Vivo,X200 Pro 256GB,,2024,139999.0,1199.0,3.84,16,128,0,5885,6.1,223.0,200,32,3,1080,2400,60,1,1,MediaTek,Dimensity 9400,8,2.05
1689,Vivo,X200 Pro 512GB,,2024,149999.0,1299.0,4.15,16,128,0,6032,6.1,223.0,200,32,3,1080,2400,60,1,1,MediaTek,Dimensity 9400,8,2.55
1690,Vivo,X200 Pro Mini 256GB,,2024,109999.0,949.0,3.92,16,128,0,5792,6.7,187.0,50,32,3,1080,2400,60,1,1,MediaTek,Dimensity 9400,8,2.11
1691,Vivo,X21 128GB,,2018,24990.0,349.0,4.2,6,128,0,3104,6.8,156.0,12,12,3,1080,2400,60,1,1,Qualcomm,Qualcomm Snapdragon 660,8,2.01
1692,Vivo,X21 64GB,,2018,21990.0,299.0,3.87,4,128,0,3121,6.7,156.0,12,12,3,1080,2400,60,1,1,Qualcomm,Qualcomm Snapdragon 660,8,2.48
1693,Vivo,X27 Pro 128GB,,2019,35990.0,499.0,3.66,8,128,0,3915,6.1,190.0,48,32,3,1080,2400,60,1,1,Qualcomm,Qualcomm Snapdragon 710,8,2.62
1694,Vivo,X27 Pro 256GB,,2019,39990.0,549.0,3.66,8,128,0,4073,6.4,190.0,48,32,3,1080,2400,60,1,1,Qualcomm,Qualcomm Snapdragon 710,8,2.64
1695,Vivo,X30 Pro 128GB,,2019,47999.0,899.0,4.4,8,128,0,4096,6.7,199.0,64,32,3,1080,2400,60,1,1,Qualcomm,Qualcomm Snapdragon 855,8,2.18
1696,Vivo,X30 Pro 256GB,,2019,54999.0,949.0,4.22,8,128,0,4227,6.8,199.0,64,32,3,1080,2400,60,1,1,Qualcomm,Qualcomm Snapdragon 855,8,2.4
1697,Vivo,X3S 16GB,,2014,10999.0,139.0,3.59,1,128,0,1911,6.1,153.0,13,5,3,1080,2400,60,1,1,MediaTek,MediaTek MT6592,8,2.78
1698,Vivo,X5Max 16GB,,2014,16999.0,199.0,4.0,2,128,0,2397,6.4,146.0,13,5,3,1080,2400,60,1,1,Qualcomm,Snapdragon 615,8,1.85
1699,Vivo,X60 Pro 256GB,,2021,44999.0,899.0,4.11,12,128,0,4066,6.5,190.0,48,32,3,1080,2400,60,1,1,Qualcomm,Qualcomm Snapdragon 870,8,2.44
1700,Vivo,X60 Pro 512GB,,2021,49999.0,999.0,4.41,12,128,0,4246,6.8,190.0,48,32,3,1080,2400,60,1,1,Qualcomm,Qualcomm Snapdragon 870,8,2.17
1701,Vivo,X70 Pro 128GB,,2021,39999.0,749.0,4.24,8,128,0,4566,6.8,185.0,50,32,3,1080,2400,60,1,1,MediaTek,MediaTek Dimensity 1200,8,2.73
1702,Vivo,X70 Pro 256GB,,2021,44999.0,799.0,3.74,8,128,0,4409,6.4,185.0,50,32,3,1080,2400,60,1,1,MediaTek,MediaTek Dimensity 1200,8,1.81
1703,Vivo,X80 256GB,,2022,59999.0,899.0,4.05,12,128,0,4593,6.1,206.0,50,32,3,1080,2400,60,1,1,MediaTek,MediaTek Dimensity 9000,8,2.89
1704,Vivo,X80 512GB,,2022,69999.0,999.0,3.67,12,128,0,4750,6.5,206.0,50,32,3,1080,2400,60,1,1,MediaTek,MediaTek Dimensity 9000,8,2.19
1705,Vivo,X9 Plus 128GB,,2017,24999.0,299.0,4.23,6,128,0,3971,6.8,199.0,16,208,3,1080,2400,60,1,1,Qualcomm,Snapdragon 653,8,2.27
1706,Vivo,X90 Pro 256GB,,2022,69999.0,1099.0,3.89,12,128,0,4992,6.7,221.0,50,32,3,1080,2400,60,1,1,MediaTek,MediaTek Dimensity 9200,8,1.79
1707,Vivo,X90 Pro 512GB,,2022,79999.0,1199.0,3.45,12,128,0,4973,6.4,221.0,50,32,3,1080,2400,60,1,1,MediaTek,MediaTek Dimensity 9200,8,2.27
1708,Vivo,Y100 128GB,,2023,19999.0,399.0,3.61,8,128,0,4624,6.7,190.0,64,16,3,1080,2400,60,1,1,MediaTek,MediaTek Dimensity 900,8,2.75
1709,Vivo,Y100 256GB,,2023,22999.0,449.0,4.24,8,128,0,4594,6.7,190.0,64,16,3,1080,2400,60,1,1,MediaTek,MediaTek Dimensity 900,8,2.47
1710,Vivo,Y100 5G 128GB,,2024,29999.0,299.0,3.2,8,128,0,4614,6.5,181.0,64,16,3,1080,2400,60,1,1,MediaTek,Dimensity 900,8,2.92
1711,Vivo,Y11 32GB,,2019,10999.0,149.0,3.66,3,128,0,4970,6.7,190.0,13,8,3,1080,2400,60,1,1,Qualcomm,Qualcomm Snapdragon 439,8,1.96
1712,Vivo,Y11 64GB,,2019,13490.0,169.0,3.5,3,128,0,5103,6.7,190.0,13,8,3,1080,2400,60,1,1,Qualcomm,Qualcomm Snapdragon 439,8,2.67
1713,Vivo,Y12s 128GB,,2020,13990.0,179.0,3.22,4,128,0,5084,6.5,191.0,13,8,3,1080,2400,60,1,1,MediaTek,MediaTek Helio P35,8,2.77
1714,Vivo,Y12s 64GB,,2020,10990.0,159.0,3.81,3,128,0,4946,6.1,191.0,13,8,3,1080,2400,60,1,1,MediaTek,MediaTek Helio P35,8,2.44
1715,Vivo,Y200 GT 128GB,,2024,39999.0,399.0,3.89,12,128,0,5115,6.8,190.0,64,16,3,1080,2400,60,1,1,MediaTek,Dimensity 1200,8,2.84
1716,Vivo,Y21 128GB,,2021,12999.0,199.0,3.93,4,128,0,5020,6.1,182.0,13,8,3,1080,2400,60,1,1,MediaTek,MediaTek Helio P35,8,2.24
1717,Vivo,Y21 64GB,,2021,9999.0,179.0,3.64,4,128,0,4943,6.7,182.0,13,8,3,1080,2400,60,1,1,MediaTek,MediaTek Helio P35,8,3.01
1718,Vivo,Y30 128GB,,2020,14990.0,199.0,4.41,4,128,0,5059,6.7,193.0,13,8,3,1080,2400,60,1,1,MediaTek,MediaTek Helio P35,8,2.53
1719,Vivo,Y30 64GB,,2020,11990.0,169.0,3.59,3,128,0,4901,6.1,193.0,13,8,3,1080,2400,60,1,1,MediaTek,MediaTek Helio P35,8,2.81
1720,Vivo,Y33s 128GB,,2021,17999.0,239.0,4.13,8,128,0,4893,6.8,182.0,50,16,3,1080,2400,60,1,1,MediaTek,MediaTek Helio G80,8,2.49
1721,Vivo,Y33s 64GB,,2021,14999.0,179.0,4.14,4,128,0,4976,6.7,182.0,50,16,3,1080,2400,60,1,1,MediaTek,MediaTek Helio G80,8,2.09
1722,Vivo,Y53s 128GB,,2021,16999.0,229.0,3.96,6,128,0,5010,6.7,190.0,64,16,3,1080,2400,60,1,1,MediaTek,MediaTek Helio G80,8,1.75
1723,Vivo,Y53s 64GB,,2021,13999.0,179.0,4.39,6,128,0,4962,6.4,190.0,64,16,3,1080,2400,60,1,1,MediaTek,MediaTek Helio G80,8,1.97
1724,Vivo,Y66 32GB,,2017,14999.0,179.0,4.18,3,128,0,2936,6.5,155.0,13,16,3,1080,2400,60,1,1,Qualcomm,Snapdragon 430,8,2.51
1725,Vivo,Y75 5G 128GB,,2021,21999.0,349.0,4.06,8,128,0,4985,6.4,179.0,50,16,3,1080,2400,60,1,1,MediaTek,MediaTek Dimensity 700,8,2.53
1726,Vivo,Y75 5G 256GB,,2021,25999.0,399.0,3.94,8,128,0,5058,6.1,179.0,50,16,3,1080,2400,60,1,1,MediaTek,MediaTek Dimensity 700,8,3.0
1727,Vivo,Y81 32GB,,2018,12999.0,149.0,3.79,3,128,0,3400,6.8,146.0,13,5,3,1080,2400,60,1,1,MediaTek,MediaTek Helio P22,8,1.66
1728,Vivo,Y95 64GB,,2018,16999.0,199.0,3.58,4,128,0,3946,6.8,163.0,132,20,3,1080,2400,60,1,1,Qualcomm,Snapdragon 439,8,1.98
1729,Vivo,Z1 Pro 128GB,,2019,22990.0,299.0,4.15,6,128,0,4623,6.4,159.0,16,16,3,1080,2400,60,1,1,Qualcomm,Qualcomm Snapdragon 712,8,1.69
1730,Vivo,Z1 Pro 64GB,,2019,18990.0,249.0,3.98,4,128,0,4619,6.1,159.0,16,16,3,1080,2400,60,1,1,Qualcomm,Qualcomm Snapdragon 712,8,1.84
1731,Vivo,Z3 64GB,,2018,22999.0,249.0,3.57,6,128,0,3204,6.5,162.0,16,12,3,1080,2400,60,1,1,Qualcomm,Snapdragon 710,8,1.91
1732,Xiaomi,Redmi 14C 5G 128GB,,2024,16999.0,229.0,4.32,6,128,0,5120,6.1,195.0,502,8,3,1080,2400,60,1,1,MediaTek,MediaTek Dimensity 700,8,1.87
1733,Xiaomi,Redmi 14C 5G 64GB,,2024,14999.0,199.0,3.86,4,128,0,5131,6.4,195.0,502,8,3,1080,2400,60,1,1,MediaTek,MediaTek Dimensity 700,8,2.15
1734,Xiaomi,Redmi Note 14 4G 128GB,,2024,18999.0,249.0,3.83,4,128,0,4939,6.8,180.0,5082,16,3,1080,2400,60,1,1,Qualcomm,Qualcomm Snapdragon 680,8,2.98
1735,Xiaomi,Redmi Note 14 4G 256GB,,2024,21999.0,279.0,4.54,6,128,0,4864,6.8,180.0,5082,16,3,1080,2400,60,1,1,Qualcomm,Qualcomm Snapdragon 680,8,1.9
1736,Xiaomi,Redmi Note 14 5G 128GB,,2024,21999.0,279.0,4.05,6,128,0,5090,6.5,185.0,5082,16,3,1080,2400,60,1,1,MediaTek,MediaTek Dimensity 7025-Ultra,8,2.31
1737,Xiaomi,Redmi Note 14 5G 256GB,,2024,24999.0,309.0,3.97,8,128,0,4912,6.1,185.0,5082,16,3,1080,2400,60,1,1,MediaTek,MediaTek Dimensity 7025-Ultra,8,2.73
1738,Xiaomi,Redmi Note 14 Pro 4G 128GB,,2024,24999.0,299.0,4.76,6,128,0,5117,6.8,190.0,10882,16,3,1080,2400,60,1,1,Qualcomm,Qualcomm Snapdragon 732G,8,2.51
1739,Xiaomi,Redmi Note 14 Pro 4G 256GB,,2024,27999.0,329.0,4.56,8,128,0,4926,6.4,190.0,10882,16,3,1080,2400,60,1,1,Qualcomm,Qualcomm Snapdragon 732G,8,1.69
1740,Xiaomi,Redmi Note 14 Pro 5G 128GB,,2024,27999.0,349.0,3.43,8,128,0,5381,6.8,195.0,10882,16,3,1080,2400,60,1,1,MediaTek,MediaTek Dimensity 7300-Ultra,8,2.38
1741,Xiaomi,Redmi Note 14 Pro 5G 256GB,,2024,30999.0,379.0,3.82,12,128,0,5383,6.7,195.0,10882,16,3,1080,2400,60,1,1,MediaTek,MediaTek Dimensity 7300-Ultra,8,2.81
1742,Xiaomi,Redmi Note 14 Pro+ 5G 128GB,,2024,29999.0,374.9,4.31,8,128,0,5127,6.7,205.0,20082,16,3,1080,2400,60,1,1,Qualcomm,Snapdragon 7s Gen 3,8,2.47
1743,Xiaomi,Redmi Note 14 Pro+ 5G 256GB,,2024,32999.0,399.0,4.09,12,128,0,5195,6.7,205.0,20082,16,3,1080,2400,60,1,1,Qualcomm,Snapdragon 7s Gen 3,8,2.25
1744,Xiaomi,Redmi Note 14 Pro+ 5G 512GB,,2024,35999.0,429.0,3.59,16,128,0,5101,6.7,205.0,20082,16,3,1080,2400,60,1,1,Qualcomm,Snapdragon 7s Gen 3,8,2.12
1745,xiaomi,Xiaomi 11i 5G (8GB RAM + 128GB),android,2020,24990.0,303.0,5.0,8,128,1,51469,6.8,,1080,160,3,2400,1080,120,1,1,dimensity,,8,2.5
1746,xiaomi,Xiaomi 11i HyperCharge 5G,android,2023,24820.0,301.0,5.0,6,128,1,44947,6.1,,1080,160,3,2400,1080,120,1,1,dimensity,,8,2.5
1747,xiaomi,Xiaomi 11i HyperCharge 5G (8GB RAM + 128GB),android,2025,26999.0,327.0,5.0,8,128,1,45020,6.4,,1080,160,3,2400,1080,120,1,1,dimensity,,8,2.5
1748,xiaomi,Xiaomi 11T Pro 5G (12GB RAM + 256GB),android,2019,38999.0,473.0,5.0,12,256,0,50057,6.7,,1080,160,3,1080,2400,120,1,1,snapdragon,,8,2.84
1749,xiaomi,Xiaomi 12 Lite 5G,android,2018,29990.0,364.0,5.0,6,128,0,42966,6.7,,1080,320,3,1080,2400,120,1,1,snapdragon,,8,2.4
1750,xiaomi,Xiaomi 12 Pro 5G,android,2025,50990.0,618.0,5.0,8,256,0,46112,6.1,,500,320,3,1440,3200,120,1,1,snapdragon,,8,3.0
1751,xiaomi,Xiaomi 12 Pro 5G (12GB RAM + 256GB),android,2017,51880.0,629.0,4.51,12,256,0,45863,6.7,,500,320,3,1440,3200,120,1,1,snapdragon,,8,3.0
1752,xiaomi,Xiaomi 12 Ultra 5G,android,2025,75999.0,921.0,4.33,12,256,0,48117,6.4,,500,200,3,1440,3200,120,1,1,snapdragon,,8,3.2
1753,xiaomi,Xiaomi 12S Ultra,android,2020,69990.0,848.0,3.64,8,256,0,48642,6.8,,500,320,3,1440,3200,120,1,1,snapdragon,,8,3.2
1754,xiaomi,Xiaomi 12T,android,2020,48990.0,594.0,5.0,8,128,0,49950,6.5,,1080,200,3,1220,2712,120,1,1,dimensity,,8,2.85
1755,xiaomi,Xiaomi 12T Pro 5G,android,2022,59990.0,727.0,5.0,8,128,0,49853,6.4,,2000,200,3,1220,2712,120,1,1,snapdragon,,8,3.2
1756,xiaomi,Xiaomi 13 5G,android,2024,46990.0,570.0,5.0,8,128,0,45023,6.5,,500,320,3,1080,2400,120,1,1,snapdragon,,8,3.2
1757,xiaomi,Xiaomi 13 Pro 5G,android,2016,58990.0,715.0,3.86,8,128,0,48174,6.1,,503,320,3,1440,3200,120,1,1,snapdragon,,8,3.2
1758,xiaomi,Xiaomi 13 Ultra 5G,android,2025,71999.0,873.0,3.93,12,256,0,49934,6.1,,1080,320,4,1440,3200,120,1,1,snapdragon,,8,3.2
1759,xiaomi,Xiaomi 14,android,2025,54999.0,667.0,5.0,12,256,0,50115,6.8,,500,320,3,1440,3200,120,1,1,snapdragon,,8,3.2
1760,Xiaomi,Xiaomi 14 256GB,,2023,74999.0,699.0,3.96,12,128,0,4658,6.4,189.0,5050,32,3,1080,2400,60,1,1,Qualcomm,Snapdragon 8 Gen 3,8,2.86
1761,Xiaomi,Xiaomi 14 512GB,,2023,84999.0,799.0,3.86,12,128,0,4516,6.5,189.0,5050,32,3,1080,2400,60,1,1,Qualcomm,Snapdragon 8 Gen 3,8,2.16
1762,Xiaomi,Xiaomi 14 Pro 256GB,,2023,84999.0,799.0,3.51,12,128,0,5085,6.4,206.0,505050,32,3,1080,2400,60,1,1,Qualcomm,Snapdragon 8 Gen 3,8,1.86
1763,Xiaomi,Xiaomi 14 Pro 512GB,,2023,94999.0,899.0,4.01,12,128,0,4868,6.7,206.0,505050,32,3,1080,2400,60,1,1,Qualcomm,Snapdragon 8 Gen 3,8,2.97
1764,Xiaomi,Xiaomi 14T 256GB,,2024,69999.0,599.0,3.59,12,128,0,4915,6.8,195.0,5050,32,3,1080,2400,60,1,1,MediaTek,Dimensity 8300-Ultra,8,2.54
1765,Xiaomi,Xiaomi 14T 512GB,,2024,79999.0,699.0,3.44,12,128,0,4965,6.4,195.0,5050,32,3,1080,2400,60,1,1,MediaTek,Dimensity 8300-Ultra,8,2.64
1766,Xiaomi,Xiaomi 14T Pro 1TB,,2024,94999.0,899.0,4.29,12,128,0,4912,6.5,209.0,505050,32,3,1080,2400,60,1,1,MediaTek,Dimensity 9300+,8,2.64
1767,Xiaomi,Xiaomi 14T Pro 256GB,,2024,74999.0,634.99,4.28,12,128,0,4959,6.7,209.0,505050,32,3,1080,2400,60,1,1,MediaTek,Dimensity 9300+,8,2.56
1768,Xiaomi,Xiaomi 14T Pro 512GB,,2024,84999.0,790.77,4.07,12,128,0,5093,6.1,209.0,505050,32,3,1080,2400,60,1,1,MediaTek,Dimensity 9300+,8,2.5
1769,Xiaomi,Xiaomi 15 256GB,,2024,79999.0,699.0,3.52,12,128,0,5255,6.1,190.0,5050,32,3,1080,2400,60,1,1,Qualcomm,Snapdragon 8 Elite,8,1.66
1770,Xiaomi,Xiaomi 15 512GB,,2024,89999.0,799.0,3.94,16,128,0,5279,6.5,190.0,5050,32,3,1080,2400,60,1,1,Qualcomm,Snapdragon 8 Elite,8,1.84
1771,Xiaomi,Xiaomi 15 Pro 1TB,,2024,109999.0,999.0,4.06,16,128,0,6147,6.1,210.0,505050,32,3,1080,2400,60,1,1,Qualcomm,Snapdragon 8 Elite,8,2.77
1772,Xiaomi,Xiaomi 15 Pro 256GB,,2024,89999.0,799.0,3.58,12,128,0,6120,6.1,210.0,505050,32,3,1080,2400,60,1,1,Qualcomm,Snapdragon 8 Elite,8,2.56
1773,Xiaomi,Xiaomi 15 Pro 512GB,,2024,99999.0,899.0,3.86,16,128,0,6235,6.4,210.0,505050,32,3,1080,2400,60,1,1,Qualcomm,Snapdragon 8 Elite,8,1.75
1774,xiaomi,Xiaomi Civi 2,android,2024,29999.0,364.0,5.0,8,128,0,44865,6.4,,500,320,3,1080,2400,120,1,1,snapdragon,,8,2.4
1775,xiaomi,Xiaomi Civi 3,android,2021,32990.0,400.0,5.0,8,256,0,50130,6.4,,640,320,3,1080,2400,120,1,1,dimensity,,8,3.1
1776,xiaomi,Xiaomi Mi 10 5G (8GB RAM + 256GB),android,2020,54999.0,667.0,5.0,8,256,0,47801,6.7,,1080,200,4,1080,2340,90,1,1,snapdragon,,8,2.84
1777,xiaomi,Xiaomi Mi 10T 5G,android,2019,23500.0,285.0,5.0,6,128,0,50123,6.8,,640,200,3,2400,1080,144,1,1,snapdragon,,8,2.84
1778,xiaomi,Xiaomi Mi 10T Pro 5G,android,2019,29999.0,364.0,5.0,8,128,0,50079,6.5,,1080,200,3,1080,2400,144,1,1,snapdragon,,8,2.84
1779,xiaomi,Xiaomi Mi 11 Lite (8GB RAM + 128GB),android,2024,18699.0,227.0,5.0,8,128,1,42648,6.4,,640,160,3,1080,2400,90,0,1,snapdragon,,8,2.3
1780,xiaomi,Xiaomi Mi 11 Lite NE 5G,android,2022,21890.0,265.0,5.0,6,128,1,42404,6.4,,640,200,3,1080,2400,90,1,1,snapdragon,,8,2.4
1781,xiaomi,Xiaomi Mi 11 Lite NE 5G (8GB RAM + 128GB),android,2020,22999.0,279.0,5.0,8,128,1,42532,6.1,,640,200,3,1080,2400,90,1,1,snapdragon,,8,2.4
1782,xiaomi,Xiaomi Mi 11i 5G,android,2016,23499.0,285.0,5.0,6,128,1,51628,6.1,,1080,160,3,2400,1080,120,1,1,dimensity,,8,2.5
1783,xiaomi,Xiaomi Mi 11T Pro 5G,android,2024,34990.0,424.0,5.0,8,128,0,50081,6.1,,1080,160,3,1080,2400,120,1,1,snapdragon,,8,2.84
1784,xiaomi,Xiaomi Mi 11X,android,2019,23890.0,290.0,5.0,6,128,0,45050,6.8,,480,200,3,1080,2400,120,1,1,snapdragon,,8,3.2
1785,xiaomi,Xiaomi Mi 11X 5G (8GB RAM + 128GB),android,2022,25990.0,315.0,5.0,8,128,0,45132,6.7,,480,200,3,1080,2400,120,1,1,snapdragon,,8,3.2
1786,xiaomi,Xiaomi Mi 11X Pro,android,2024,30990.0,376.0,5.0,8,128,0,45120,6.8,,1080,200,3,1080,2400,120,1,1,snapdragon,,8,2.84
1787,xiaomi,Xiaomi Mi 12 5G,android,2019,42990.0,521.0,5.0,8,128,0,44951,6.1,,500,320,3,1080,2400,120,1,1,snapdragon,,8,3.0
1788,xiaomi,Xiaomi Mi Mix Alpha,android,2020,199990.0,2424.0,4.39,12,512,0,40471,6.8,,1080,12,3,2088,2250,60,1,1,snapdragon,,8,2.96
1789,xiaomi,Xiaomi Mi Mix Fold,android,2016,109990.0,1333.0,4.29,12,256,0,50077,6.8,,1080,200,3,1860,2480,90,1,1,snapdragon,,8,2.84
1790,xiaomi,Xiaomi Mix Fold 2 5G,android,2022,106990.0,1297.0,3.72,12,256,0,44888,6.5,,500,200,3,1914,2160,120,1,1,snapdragon,,8,3.2
1791,xiaomi,Xiaomi Poco F1,android,2016,11999.0,145.0,5.0,6,64,1,40044,6.5,,120,200,2,1080,2246,60,0,1,snapdragon,,8,2.8
1792,xiaomi,Xiaomi Poco F1 (6GB RAM + 128GB),android,2023,12999.0,158.0,5.0,6,128,1,40057,6.1,,120,200,2,1080,2246,60,0,1,snapdragon,,8,2.8
1793,xiaomi,Xiaomi Redmi 10,android,2025,9589.0,116.0,5.0,4,64,1,59966,6.5,,500,50,2,720,1600,60,0,1,snapdragon,,8,2.4
1794,xiaomi,Xiaomi Redmi 10 (6GB RAM + 128GB),android,2020,11999.0,145.0,5.0,6,128,1,60127,6.5,,500,50,2,720,1600,60,0,1,snapdragon,,8,2.4
1795,xiaomi,Xiaomi Redmi 10 Power,android,2025,11999.0,145.0,5.0,8,128,1,60132,6.5,,500,50,2,720,1650,60,0,1,snapdragon,,8,2.4
1796,xiaomi,Xiaomi Redmi 10 Prime,android,2021,12390.0,150.0,5.0,4,64,1,59892,6.4,,500,80,4,1080,2400,90,0,1,helio,,8,2.0
1797,xiaomi,Xiaomi Redmi 10 Prime (6GB RAM + 128GB),android,2019,12999.0,158.0,5.0,6,128,1,60112,6.5,,500,80,4,1080,2400,90,0,1,helio,,8,2.0
1798,xiaomi,Xiaomi Redmi 10 Prime Plus 5G,android,2018,13990.0,170.0,5.0,4,128,0,49952,6.1,,500,50,2,1080,2408,90,1,1,dimensity,,8,2.2
1799,xiaomi,Xiaomi Redmi 10A,android,2025,7499.0,91.0,5.0,3,32,1,50122,6.1,,130,50,1,720,1600,60,0,0,helio,,8,2.0
1800,xiaomi,Xiaomi Redmi 10A (4GB RAM + 64GB),android,2020,8388.0,102.0,5.0,4,64,1,49922,6.7,,130,50,1,720,1600,60,0,0,helio,,8,2.0
1801,xiaomi,Xiaomi Redmi 10A (6GB RAM + 128GB),android,2017,10850.0,132.0,5.0,6,128,1,50011,6.7,,130,50,1,720,1600,60,0,0,helio,,8,2.0
1802,xiaomi,Xiaomi Redmi 10A Sport,android,2021,9999.0,121.0,5.0,6,128,1,50057,6.8,,130,50,1,720,1600,60,0,0,helio,,8,2.0
1803,xiaomi,Xiaomi Redmi 10C,android,2020,13990.0,170.0,5.0,4,64,1,59944,6.1,,500,50,2,720,1600,60,0,1,snapdragon,,8,2.4
1804,xiaomi,Xiaomi Redmi 10C (4GB RAM + 128GB),android,2025,14990.0,182.0,5.0,4,128,1,59899,6.5,,500,50,2,720,1600,60,0,1,snapdragon,,8,2.4
1805,xiaomi,Xiaomi Redmi 11 Prime,android,2020,11600.0,141.0,5.0,4,64,1,49954,6.4,,500,80,3,1080,2400,90,0,1,helio,,8,2.2
1806,xiaomi,Xiaomi Redmi 11 Prime (6GB RAM + 128GB),android,2018,13774.0,167.0,5.0,6,128,1,50008,6.8,,500,80,3,1080,2400,90,0,1,helio,,8,2.2
1807,xiaomi,Xiaomi Redmi 11 Prime 5G,android,2016,13466.0,163.0,5.0,4,64,1,49899,6.8,,500,50,2,1080,2408,90,1,1,dimensity,,8,2.2
1808,xiaomi,Xiaomi Redmi 11 Prime 5G (6GB RAM + 128GB),android,2023,15990.0,194.0,5.0,6,128,1,49986,6.5,,500,50,2,1080,2408,90,1,1,dimensity,,8,2.2
1809,xiaomi,Xiaomi Redmi 13 Prime 5G,android,2022,17990.0,218.0,5.0,6,128,1,50871,6.5,,640,160,2,1080,2408,120,1,1,snapdragon,,8,2.0
1810,xiaomi,Xiaomi Redmi 20X,android,2025,10990.0,133.0,5.0,4,128,1,49864,6.1,,480,130,4,1080,2340,90,1,1,dimensity,,8,2.2
1811,xiaomi,Xiaomi Redmi 8 (4GB RAM + 64GB),android,2016,11490.0,139.0,5.0,4,64,1,50026,6.1,,120,80,2,720,1520,60,0,1,snapdragon,,8,2.0
1812,xiaomi,Xiaomi Redmi 9,android,2018,8999.0,109.0,5.0,4,64,1,49983,6.5,,130,50,2,720,1600,60,0,0,helio,,8,2.3
1813,xiaomi,Xiaomi Redmi 9 Activ,android,2023,7499.0,91.0,5.0,4,64,1,50131,6.1,,130,50,2,720,1600,60,0,0,helio,,8,2.3
1814,xiaomi,Xiaomi Redmi 9 Activ (6GB RAM + 128GB),android,2018,10499.0,127.0,5.0,6,128,1,50109,6.5,,130,50,2,720,1600,60,0,0,helio,,8,2.3
1815,xiaomi,Xiaomi Redmi 9 Power,android,2025,11499.0,139.0,5.0,4,64,1,60102,6.1,,480,80,4,1080,2340,60,0,1,snapdragon,,8,2.0
1816,xiaomi,Xiaomi Redmi 9A,android,2022,6999.0,85.0,5.0,2,32,1,49891,6.7,,130,50,1,720,1600,60,0,0,helio,,8,2.0
1817,xiaomi,Xiaomi Redmi 9A (6GB RAM + 128GB),android,2016,10990.0,133.0,5.0,6,128,1,49994,6.7,,130,50,1,720,1600,60,0,0,helio,,8,2.0
1818,xiaomi,Xiaomi Redmi 9A Sport,android,2018,6499.0,79.0,5.0,2,32,1,50012,6.5,,130,50,1,720,1600,60,0,0,helio,,8,2.0
1819,xiaomi,Xiaomi Redmi 9i (4GB RAM + 128GB),android,2024,9299.0,113.0,5.0,4,128,1,50017,6.5,,130,50,1,720,1600,60,0,1,helio,,8,2.0
1820,xiaomi,Xiaomi Redmi 9i Sport,android,2023,7499.0,91.0,5.0,4,64,1,49866,6.8,,130,50,1,720,1600,60,0,1,helio,,8,2.0
1821,xiaomi,Xiaomi Redmi A1,android,2018,6171.0,75.0,4.07,2,32,1,49926,6.8,,80,50,2,720,1600,60,0,1,helio,,4,2.0
1822,xiaomi,Xiaomi Redmi A1 Plus,android,2016,7289.0,88.0,5.0,2,32,1,49976,6.4,,80,50,2,720,1600,60,0,1,helio,,4,2.0
1823,xiaomi,Xiaomi Redmi A1 Plus (3GB RAM + 32GB),android,2025,8399.0,102.0,5.0,3,32,1,50123,6.4,,80,50,2,720,1600,60,0,1,helio,,4,2.0
1824,xiaomi,Xiaomi Redmi K20 Pro Signature Edition,android,2018,480000.0,5818.0,5.0,8,256,0,40137,6.1,,480,200,3,1080,2340,60,0,1,snapdragon,,8,2.8
1825,xiaomi,Xiaomi Redmi K50 5G,android,2022,27990.0,339.0,5.0,8,128,0,55008,6.8,,480,200,3,1440,3200,120,1,1,dimensity,,8,2.85
1826,xiaomi,Xiaomi Redmi K50 Ultra 5G,android,2022,39999.0,485.0,5.0,8,128,0,49875,6.1,,1080,200,3,1220,2712,144,1,1,snapdragon,,8,3.2
1827,xiaomi,Xiaomi Redmi K50i (8GB RAM + 256GB),android,2022,25999.0,315.0,5.0,8,256,0,50918,6.8,,640,160,3,1080,2460,144,1,1,dimensity,,8,2.85
1828,xiaomi,Xiaomi Redmi K50i 5G,android,2019,22999.0,279.0,5.0,6,128,0,50842,6.7,,640,160,3,1080,2460,144,1,1,dimensity,,8,2.85
1829,xiaomi,Xiaomi Redmi K60,android,2017,29990.0,364.0,5.0,8,128,0,55104,6.4,,640,160,3,1440,3200,120,1,1,snapdragon,,8,3.2
1830,xiaomi,Xiaomi Redmi K60 Gaming Edition,android,2019,54990.0,667.0,5.0,8,128,0,50070,6.5,,500,200,3,1440,3200,120,1,1,snapdragon,,8,3.2
1831,xiaomi,Xiaomi Redmi K60 Pro,android,2025,38999.0,473.0,5.0,8,128,0,49887,6.8,,540,160,3,1440,3200,120,1,1,snapdragon,,8,3.2
1832,xiaomi,Xiaomi Redmi K60E,android,2021,25999.0,315.0,5.0,8,128,0,54991,6.1,,480,200,3,1440,3200,120,1,1,dimensity,,8,3.1
1833,xiaomi,Xiaomi Redmi K60i,android,2017,28999.0,352.0,5.0,8,128,0,50872,6.8,,500,320,3,1080,2460,120,1,1,dimensity,,8,3.1
1834,xiaomi,Xiaomi Redmi Note 10,android,2019,13990.0,170.0,5.0,4,64,1,49910,6.5,,480,130,4,1080,2400,60,0,1,snapdragon,,8,2.2
1835,xiaomi,Xiaomi Redmi Note 10 (6GB RAM + 128GB),android,2021,16499.0,200.0,5.0,6,128,1,49927,6.8,,480,130,4,1080,2400,60,0,1,snapdragon,,8,2.2
1836,xiaomi,Xiaomi Redmi Note 10 5G,android,2025,12490.0,151.0,5.0,4,128,1,49940,6.4,,480,80,3,1080,2400,90,1,1,dimensity,,8,2.2
1837,xiaomi,Xiaomi Redmi Note 10 Lite,android,2016,9999.0,121.0,5.0,4,64,1,50195,6.5,,480,160,4,1080,2400,60,0,1,snapdragon,,8,2.3
1838,xiaomi,Xiaomi Redmi Note 10 Lite (4GB RAM + 128GB),android,2023,12499.0,152.0,5.0,4,128,1,50065,6.7,,480,160,4,1080,2400,60,0,1,snapdragon,,8,2.3
1839,xiaomi,Xiaomi Redmi Note 10 Lite (6GB RAM + 128GB),android,2018,11999.0,145.0,5.0,6,128,1,50265,6.7,,480,160,4,1080,2400,60,0,1,snapdragon,,8,2.3
1840,xiaomi,Xiaomi Redmi Note 10 Pro (6GB RAM + 128GB),android,2024,17999.0,218.0,5.0,6,128,1,50347,6.8,,640,160,4,1080,2400,120,0,1,snapdragon,,8,2.3
1841,xiaomi,Xiaomi Redmi Note 10 Pro 5G,android,2017,16999.0,206.0,5.0,6,128,1,50080,6.7,,640,160,3,1080,2400,120,1,1,dimensity,,8,2.6
1842,xiaomi,Xiaomi Redmi Note 10 Pro Max,android,2024,19999.0,242.0,5.0,6,64,1,50154,6.8,,1080,160,4,1080,2400,120,0,1,snapdragon,,8,2.3
1843,xiaomi,Xiaomi Redmi Note 10 Pro Max (6GB RAM + 128GB),android,2022,19980.0,242.0,5.0,6,128,1,50242,6.4,,1080,160,4,1080,2400,120,0,1,snapdragon,,8,2.3
1844,xiaomi,Xiaomi Redmi Note 10S,android,2019,10999.0,133.0,5.0,6,64,1,49911,6.1,,640,130,4,1080,2400,60,0,1,helio,,8,2.05
1845,xiaomi,Xiaomi Redmi Note 10S (6GB RAM + 128GB),android,2018,11999.0,145.0,5.0,6,128,1,50047,6.8,,640,130,4,1080,2400,60,0,1,helio,,8,2.05
1846,xiaomi,Xiaomi Redmi Note 10S (8GB RAM + 128GB),android,2019,13999.0,170.0,5.0,8,128,1,49878,6.4,,640,130,4,1080,2400,60,0,1,helio,,8,2.05
1847,xiaomi,Xiaomi Redmi Note 10T 5G,android,2021,12999.0,158.0,5.0,4,64,1,49954,6.1,,480,80,3,1080,2400,90,1,1,dimensity,,8,2.2
1848,xiaomi,Xiaomi Redmi Note 10T 5G (6GB RAM +128GB),android,2025,13999.0,170.0,5.0,6,128,1,50007,6.1,,480,80,3,1080,2400,90,1,1,dimensity,,8,2.2
1849,xiaomi,Xiaomi Redmi Note 11,android,2022,11936.0,145.0,5.0,4,64,1,49863,6.4,,500,130,4,1080,2400,90,0,1,snapdragon,,8,2.4
1850,xiaomi,Xiaomi Redmi Note 11 (6GB RAM + 128GB),android,2020,14290.0,173.0,5.0,6,128,1,49929,6.1,,500,130,4,1080,2400,90,0,1,snapdragon,,8,2.4
1851,xiaomi,Xiaomi Redmi Note 11 (6GB RAM + 64GB),android,2025,12188.0,148.0,5.0,6,64,1,49922,6.1,,500,130,4,1080,2400,90,0,1,snapdragon,,8,2.4
1852,xiaomi,Xiaomi Redmi Note 11 5G,android,2024,14990.0,182.0,5.0,4,128,1,50107,6.1,,500,160,2,1080,2400,90,1,1,dimensity,,8,2.4
1853,xiaomi,Xiaomi Redmi Note 11 Pro 4G,android,2024,17999.0,218.0,5.0,6,128,1,49866,6.7,,1080,160,4,1080,2400,120,0,1,helio,,8,2.05
1854,xiaomi,Xiaomi Redmi Note 11 Pro 5G,android,2025,17990.0,218.0,5.0,6,64,1,49880,6.4,,1080,160,3,1080,2400,120,1,1,snapdragon,,8,2.2
1855,xiaomi,Xiaomi Redmi Note 11 Pro Max 5G,android,2023,19999.0,242.0,5.0,6,128,1,51901,6.1,,1080,320,4,1080,2400,120,1,1,snapdragon,,8,2.4
1856,xiaomi,Xiaomi Redmi Note 11 Pro Plus 5G,android,2018,19999.0,242.0,5.0,6,128,1,50136,6.4,,1080,160,3,1080,2400,120,1,1,snapdragon,,8,2.2
1857,xiaomi,Xiaomi Redmi Note 11 Pro Plus 5G (8GB RAM + 128GB),android,2018,22700.0,275.0,5.0,8,128,1,49948,6.4,,1080,160,3,1080,2400,120,1,1,snapdragon,,8,2.2
1858,xiaomi,Xiaomi Redmi Note 11 Pro Plus 5G (8GB RAM + 256GB),android,2021,22999.0,279.0,5.0,8,256,1,49907,6.5,,1080,160,3,1080,2400,120,1,1,snapdragon,,8,2.2
1859,xiaomi,Xiaomi Redmi Note 11E 5G,android,2017,13990.0,170.0,5.0,4,128,0,50090,6.1,,500,50,2,1080,2408,90,1,1,dimensity,,8,2.2
1860,xiaomi,Xiaomi Redmi Note 11R,android,2025,12990.0,157.0,5.0,4,128,1,50000,6.7,,130,50,2,1080,2400,90,1,1,dimensity,,8,2.2
1861,xiaomi,Xiaomi Redmi Note 11S,android,2023,14590.0,177.0,5.0,6,64,1,50017,6.1,,1080,160,4,1080,2400,90,0,1,helio,,8,2.05
1862,xiaomi,Xiaomi Redmi Note 11S (6GB RAM + 128GB),android,2017,15499.0,188.0,5.0,6,128,1,49881,6.4,,1080,160,4,1080,2400,90,0,1,helio,,8,2.05
1863,xiaomi,Xiaomi Redmi Note 11S (8GB RAM + 128GB),android,2019,15824.0,192.0,5.0,8,128,1,50029,6.8,,1080,160,4,1080,2400,90,0,1,helio,,8,2.05
1864,xiaomi,Xiaomi Redmi Note 11SE,android,2022,11999.0,145.0,5.0,6,64,1,49943,6.1,,640,130,4,1080,2400,60,0,1,helio,,8,2.05
1865,xiaomi,Xiaomi Redmi Note 11T 5G,android,2022,16999.0,206.0,5.0,6,64,1,50076,6.5,,500,160,2,1080,2400,90,1,1,dimensity,,8,2.4
1866,xiaomi,Xiaomi Redmi Note 11T 5G (6GB RAM + 128GB),android,2021,16999.0,206.0,5.0,6,128,1,49886,6.8,,500,160,2,1080,2400,90,1,1,dimensity,,8,2.4
1867,xiaomi,Xiaomi Redmi Note 11T 5G (8GB RAM + 128GB),android,2023,18499.0,224.0,5.0,8,128,1,49979,6.5,,500,160,2,1080,2400,90,1,1,dimensity,,8,2.4
1868,xiaomi,Xiaomi Redmi Note 11T Pro 5G,android,2018,19990.0,242.0,5.0,6,128,1,50751,6.4,,640,160,3,1080,2460,144,1,1,dimensity,,8,2.85
1869,xiaomi,Xiaomi Redmi Note 12,android,2022,17859.0,216.0,5.0,4,128,1,50131,6.7,,480,130,3,1080,2400,120,1,1,snapdragon,,8,2.0
1870,xiaomi,Xiaomi Redmi Note 12 (6GB RAM + 128GB),android,2020,19988.0,242.0,5.0,6,128,1,49996,6.5,,480,130,3,1080,2400,120,1,1,snapdragon,,8,2.0
1871,xiaomi,Xiaomi Redmi Note 12 4G,android,2025,13999.0,170.0,5.0,4,64,1,50050,6.4,,480,130,3,1080,2400,120,0,1,helio,,8,2.2
1872,xiaomi,Xiaomi Redmi Note 12 Discovery Edition,android,2025,26990.0,327.0,5.0,8,256,0,42955,6.1,,2000,160,3,1080,2400,120,1,1,dimensity,,8,2.6
1873,xiaomi,Xiaomi Redmi Note 12 Explorer,android,2016,24999.0,303.0,5.0,8,256,1,42931,6.8,,2000,160,3,1080,2400,120,1,1,dimensity,,8,2.6
1874,xiaomi,Xiaomi Redmi Note 12 Pro (8GB RAM + 128GB),android,2019,26999.0,327.0,5.0,8,128,0,50053,6.4,,500,160,3,1080,2400,120,1,1,dimensity,,8,2.6
1875,xiaomi,Xiaomi Redmi Note 12 Pro (8GB RAM + 256GB),android,2019,27994.0,339.0,5.0,8,256,0,50050,6.7,,500,160,3,1080,2400,120,1,1,dimensity,,8,2.6
1876,xiaomi,Xiaomi Redmi Note 12 Pro 4G,android,2017,14999.0,182.0,5.0,6,128,0,49965,6.4,,500,160,3,1080,2400,120,0,1,snapdragon,,8,2.3
1877,xiaomi,Xiaomi Redmi Note 12 Pro 5G,android,2018,24762.0,300.0,5.0,6,128,0,50057,6.8,,500,160,3,1080,2400,120,1,1,dimensity,,8,2.6
1878,xiaomi,Xiaomi Redmi Note 12 Pro Max 5G,android,2024,32999.0,400.0,5.0,6,128,1,51926,6.5,,1080,320,4,1080,2460,120,1,1,snapdragon,,8,2.36
1879,xiaomi,Xiaomi Redmi Note 12 Pro Plus,android,2017,29999.0,364.0,5.0,8,256,0,49946,6.5,,2000,160,3,1080,2400,120,1,1,dimensity,,8,2.6
1880,xiaomi,Xiaomi Redmi Note 12 Pro Plus (12GB RAM + 256GB),android,2020,32999.0,400.0,5.0,12,256,0,49873,6.7,,2000,160,3,1080,2400,120,1,1,dimensity,,8,2.6
1881,xiaomi,Xiaomi Redmi Note 12 Pro Plus (6GB RAM + 128GB),android,2022,26999.0,327.0,5.0,6,128,0,49709,6.1,,2000,160,3,1080,2400,120,1,1,dimensity,,8,2.6
1882,xiaomi,Xiaomi Redmi Note 12 Turbo,android,2025,19999.0,242.0,5.0,8,128,0,49973,6.4,,500,160,3,1080,2400,120,1,1,snapdragon,,8,2.4
1883,xiaomi,Xiaomi Redmi Note 12T 5G,android,2025,15999.0,194.0,5.0,6,64,1,50030,6.1,,640,160,3,1080,2400,90,1,1,dimensity,,8,2.0
1884,xiaomi,Xiaomi Redmi Note 13 Pro 5G,android,2023,17990.0,218.0,5.0,6,128,0,50080,6.1,,1080,160,3,1080,2460,120,1,1,dimensity,,8,2.0
1885,xiaomi,Xiaomi Redmi Note 13 Pro Max 5G,android,2019,20499.0,248.0,5.0,6,128,1,51893,6.5,,1080,320,4,1080,2460,120,1,1,snapdragon,,8,2.36
1886,xiaomi,Xiaomi Redmi Note 4,android,2018,10300.0,125.0,5.0,4,64,1,40993,6.7,,130,50,1,1080,1920,60,0,0,snapdragon,,8,2.0
1887,xiaomi,Xiaomi Redmi Note 8 2021,android,2018,9990.0,121.0,5.0,4,64,1,40095,6.8,,480,130,4,1080,2340,60,0,1,helio,,8,2.0
1888,xiaomi,Xiaomi Redmi Note 8 Pro,android,2019,16999.0,206.0,5.0,6,64,1,44948,6.4,,640,200,4,1080,2340,60,0,1,helio,,8,2.05
1889,xiaomi,Xiaomi Redmi Note 9,android,2018,11989.0,145.0,5.0,4,64,1,50260,6.5,,480,130,4,1080,2340,60,0,1,helio,,8,2.0
1890,xiaomi,Xiaomi Redmi Note 9 Pro,android,2016,13999.0,170.0,5.0,4,64,1,50192,6.5,,480,160,4,1080,2400,60,0,1,snapdragon,,8,2.3
1891,xiaomi,Xiaomi Redmi Note 9 Pro (4GB RAM + 128GB),android,2018,14439.0,175.0,5.0,4,128,1,50201,6.4,,480,160,4,1080,2400,60,0,1,snapdragon,,8,2.3
1892,xiaomi,Xiaomi Redmi Note 9 Pro Max,android,2023,16490.0,200.0,5.0,6,64,1,50348,6.5,,640,320,4,1080,2400,60,0,1,snapdragon,,8,2.3
1893,zte,ZTE Axon 30S,android,2021,19999.0,242.0,5.0,6,128,1,41948,6.8,,500,160,4,1080,2460,120,1,1,snapdragon,,8,3.2
1894,zte,ZTE Axon 40 Ultra 5G,android,2020,61990.0,751.0,5.0,8,128,0,49983,6.1,,640,160,3,1116,2480,120,1,1,snapdragon,,8,3.0
